UUID;FILE;QUOTE_TRANSCRIPTION;ANCHOR;TYPE;TAGS;origin;pleiades_id;side;anonymous;offset;place_name;latitude;longitude;location_precision;mention_count
e2ef7fd1-bdb7-427e-b618-2013943301d6;book3_thucydides_utf8.txt;Demosthenes;char-offset:140649;PERSON;origin:Athens|pleiades:579885|side:Athenian;Athens;579885;Athenian;FALSE;140649.0;Athenae;37.97158606761233;23.723824697002375;rough;27
554dc832-4565-4755-859b-bebf3a983fec;book3_thucydides_utf8.txt;Demosthenes;char-offset:116106;PERSON;origin:Athens|pleiades:579885|side:Athenian;Athens;579885;Athenian;FALSE;116106.0;Athenae;37.97158606761233;23.723824697002375;rough;27
a4e2bb4f-5eb6-42a8-a21a-d92ca91109c6;book3_thucydides_utf8.txt;Demosthenes;char-offset:134486;PERSON;origin:Athens|pleiades:579885|side:Athenian;Athens;579885;Athenian;FALSE;134486.0;Athenae;37.97158606761233;23.723824697002375;rough;27
eb955f4f-4d29-4f82-9c31-ba6f08eed6c9;book3_thucydides_utf8.txt;Demosthenes;char-offset:140167;PERSON;origin:Athens|pleiades:579885|side:Athenian;Athens;579885;Athenian;FALSE;140167.0;Athenae;37.97158606761233;23.723824697002375;rough;27
74b929ae-4d35-48ea-ade0-c465a4e1a64f;book3_thucydides_utf8.txt;Demosthenes;char-offset:121736;PERSON;origin:Athens|pleiades:579885|side:Athenian;Athens;579885;Athenian;FALSE;121736.0;Athenae;37.97158606761233;23.723824697002375;rough;27
d091e4c9-14ae-4ac5-a3ea-a7db4a945378;book3_thucydides_utf8.txt;Demosthenes;char-offset:131828;PERSON;origin:Athens|pleiades:579885|side:Athenian;Athens;579885;Athenian;FALSE;131828.0;Athenae;37.97158606761233;23.723824697002375;rough;27
c6ebc839-02cc-4236-ae5e-137d00fcd314;book3_thucydides_utf8.txt;Demosthenes;char-offset:119392;PERSON;origin:Athens|pleiades:579885|side:Athenian;Athens;579885;Athenian;FALSE;119392.0;Athenae;37.97158606761233;23.723824697002375;rough;27
62b95a64-945e-4dde-8870-0d1368f43cc4;book3_thucydides_utf8.txt;Demosthenes;char-offset:118630;PERSON;origin:Athens|pleiades:579885|side:Athenian;Athens;579885;Athenian;FALSE;118630.0;Athenae;37.97158606761233;23.723824697002375;rough;27
a19e3424-af84-476b-bdc6-7648e85d44ec;book3_thucydides_utf8.txt;Demosthenes;char-offset:137136;PERSON;origin:Athens|pleiades:579885|side:Athenian;Athens;579885;Athenian;FALSE;137136.0;Athenae;37.97158606761233;23.723824697002375;rough;27
7a0ac2cf-6731-454c-89ed-822f91e666cd;book3_thucydides_utf8.txt;Demosthenes;char-offset:117011;PERSON;origin:Athens|pleiades:579885|side:Athenian;Athens;579885;Athenian;FALSE;117011.0;Athenae;37.97158606761233;23.723824697002375;rough;27
205626a5-255b-4017-b12a-5bdbb64ff830;book3_thucydides_utf8.txt;Demosthenes;char-offset:115885;PERSON;origin:Athens|pleiades:579885|side:Athenian;Athens;579885;Athenian;FALSE;115885.0;Athenae;37.97158606761233;23.723824697002375;rough;27
e23ad92f-94e4-479d-ae86-4f4db45100d0;book3_thucydides_utf8.txt;Demosthenes;char-offset:121901;PERSON;origin:Athens|pleiades:579885|side:Athenian;Athens;579885;Athenian;FALSE;121901.0;Athenae;37.97158606761233;23.723824697002375;rough;27
686a61be-64c7-4a47-9287-6e3e72f91ea9;book3_thucydides_utf8.txt;Demosthenes;char-offset:136807;PERSON;origin:Athens|pleiades:579885|side:Athenian;Athens;579885;Athenian;FALSE;136807.0;Athenae;37.97158606761233;23.723824697002375;rough;27
9b1de89d-44bd-4488-9985-a6be46563b0e;book3_thucydides_utf8.txt;Demosthenes;char-offset:136645;PERSON;origin:Athens|pleiades:579885|side:Athenian;Athens;579885;Athenian;FALSE;136645.0;Athenae;37.97158606761233;23.723824697002375;rough;27
42dce08b-5f29-4c88-91f6-51a3dae707db;book3_thucydides_utf8.txt;Demosthenes;char-offset:132164;PERSON;origin:Athens|pleiades:579885|side:Athenian;Athens;579885;Athenian;FALSE;132164.0;Athenae;37.97158606761233;23.723824697002375;rough;27
81d11fde-ad7f-4032-af3d-b0b93a27b377;book3_thucydides_utf8.txt;Demosthenes;char-offset:132609;PERSON;origin:Athens|pleiades:579885|side:Athenian;Athens;579885;Athenian;FALSE;132609.0;Athenae;37.97158606761233;23.723824697002375;rough;27
a934a450-8693-482f-ba78-298706bffae6;book3_thucydides_utf8.txt;Demosthenes;char-offset:111136;PERSON;origin:Athens|pleiades:579885|side:Athenian;Athens;579885;Athenian;FALSE;111136.0;Athenae;37.97158606761233;23.723824697002375;rough;27
95e55e8f-9544-4012-ae6f-e209a9ec8c45;book3_thucydides_utf8.txt;Demosthenes;char-offset:135180;PERSON;origin:Athens|pleiades:579885|side:Athenian;Athens;579885;Athenian;FALSE;135180.0;Athenae;37.97158606761233;23.723824697002375;rough;27
07fe0a52-7f9d-4d02-938e-eb54e513f568;book3_thucydides_utf8.txt;Demosthenes;char-offset:133094;PERSON;origin:Athens|pleiades:579885|side:Athenian;Athens;579885;Athenian;FALSE;133094.0;Athenae;37.97158606761233;23.723824697002375;rough;27
ae4aca4a-b1f5-48a2-9396-3e4a42974ae2;book3_thucydides_utf8.txt;Demosthenes;char-offset:134016;PERSON;origin:Athens|pleiades:579885|side:Athenian;Athens;579885;Athenian;FALSE;134016.0;Athenae;37.97158606761233;23.723824697002375;rough;27
0f49e038-8f23-4d5d-a952-c37783c38c2c;book3_thucydides_utf8.txt;Demosthenes;char-offset:140929;PERSON;origin:Athens|pleiades:579885|side:Athenian;Athens;579885;Athenian;FALSE;140929.0;Athenae;37.97158606761233;23.723824697002375;rough;27
dd49c0c2-0a18-4a79-84dd-55999bfe7c23;book3_thucydides_utf8.txt;Demosthenes;char-offset:134931;PERSON;origin:Athens|pleiades:579885|side:Athenian;Athens;579885;Athenian;FALSE;134931.0;Athenae;37.97158606761233;23.723824697002375;rough;27
ba310a20-c46c-4b2d-b778-c80607cc2cd6;book3_thucydides_utf8.txt;Demosthenes;char-offset:131129;PERSON;origin:Athens|pleiades:579885|side:Athenian;Athens;579885;Athenian;FALSE;131129.0;Athenae;37.97158606761233;23.723824697002375;rough;27
f95ef397-2730-4a26-827e-2ee17959d97f;book3_thucydides_utf8.txt;Demosthenes;char-offset:131562;PERSON;origin:Athens|pleiades:579885|side:Athenian;Athens;579885;Athenian;FALSE;131562.0;Athenae;37.97158606761233;23.723824697002375;rough;27
327b78f9-2f9d-4fdd-b8db-b2cdafcbe91e;book3_thucydides_utf8.txt;Demosthenes;char-offset:129479;PERSON;origin:Athens|pleiades:579885|side:Athenian;Athens;579885;Athenian;FALSE;129479.0;Athenae;37.97158606761233;23.723824697002375;rough;27
2fc1425d-b8a0-4b24-8bca-b4836c6cfe8d;book3_thucydides_utf8.txt;Demosthenes;char-offset:124154;PERSON;origin:Athens|pleiades:579885|side:Athenian;Athens;579885;Athenian;FALSE;124154.0;Athenae;37.97158606761233;23.723824697002375;rough;27
7307d5f6-8d7d-4270-a594-41c0b45cf76b;book3_thucydides_utf8.txt;Demosthenes;char-offset:131470;PERSON;origin:Athens|pleiades:579885|side:Athenian;Athens;579885;Athenian;FALSE;131470.0;Athenae;37.97158606761233;23.723824697002375;rough;27
55149515-051b-403f-a698-4981f8efd0e0;book3_thucydides_utf8.txt;Alcidas;char-offset:113780;PERSON;side:Sparthan|origin:Sparta|pleiades:570685;Sparta;570685;Sparthan;FALSE;113780.0;Sparta;37.08184552460426;22.424682546177092;precise;14
efebe8a4-ff2d-4078-bce4-a00557556ba6;book3_thucydides_utf8.txt;Paches;char-offset:58401;PERSON;origin:Athens|pleiades:579885|side:Athenian;Athens;579885;Athenian;FALSE;58401.0;Athenae;37.97158606761233;23.723824697002375;rough;14
d8b55210-b7cb-42f5-9b3f-bba3240b4eaf;book3_thucydides_utf8.txt;Paches;char-offset:59705;PERSON;origin:Athens|pleiades:579885|side:Athenian;Athens;579885;Athenian;FALSE;59705.0;Athenae;37.97158606761233;23.723824697002375;rough;14
77626a29-0901-4d70-b0ff-152571e43d19;book3_thucydides_utf8.txt;Paches;char-offset:59924;PERSON;origin:Athens|pleiades:579885|side:Athenian;Athens;579885;Athenian;FALSE;59924.0;Athenae;37.97158606761233;23.723824697002375;rough;14
307d6d0e-4eaf-4e6b-91f4-28d6cc013d5f;book3_thucydides_utf8.txt;Alcidas;char-offset:32851;PERSON;side:Sparthan|origin:Sparta|pleiades:570685;Sparta;570685;Sparthan;FALSE;32851.0;Sparta;37.08184552460426;22.424682546177092;precise;14
f0284e0a-681b-47f8-aa8d-36593926c3fd;book3_thucydides_utf8.txt;Paches;char-offset:19184;PERSON;origin:Athens|pleiades:579885|side:Athenian;Athens;579885;Athenian;FALSE;19184.0;Athenae;37.97158606761233;23.723824697002375;rough;14
52cadba3-ee9c-42ad-868a-1f9358cd3a43;book3_thucydides_utf8.txt;Alcidas;char-offset:17171;PERSON;side:Sparthan|origin:Sparta|pleiades:570685;Sparta;570685;Sparthan;FALSE;17171.0;Sparta;37.08184552460426;22.424682546177092;precise;14
456ae5b3-99a4-46bb-8b47-03e95289e404;book3_thucydides_utf8.txt;Alcidas;char-offset:96543;PERSON;side:Sparthan|origin:Sparta|pleiades:570685;Sparta;570685;Sparthan;FALSE;96543.0;Sparta;37.08184552460426;22.424682546177092;precise;14
5fa081bd-6cdf-4a14-bb68-c3e0e89d5fdb;book3_thucydides_utf8.txt;Alcidas;char-offset:86874;PERSON;side:Sparthan|origin:Sparta|pleiades:570685;Sparta;570685;Sparthan;FALSE;86874.0;Sparta;37.08184552460426;22.424682546177092;precise;14
54df7158-b121-4584-9e44-1117c47dae38;book3_thucydides_utf8.txt;Alcidas;char-offset:93273;PERSON;side:Sparthan|origin:Sparta|pleiades:570685;Sparta;570685;Sparthan;FALSE;93273.0;Sparta;37.08184552460426;22.424682546177092;precise;14
28e8f94c-5115-4c6a-8d17-37555ada11e5;book3_thucydides_utf8.txt;Alcidas;char-offset:87163;PERSON;side:Sparthan|origin:Sparta|pleiades:570685;Sparta;570685;Sparthan;FALSE;87163.0;Sparta;37.08184552460426;22.424682546177092;precise;14
8ff4a9f1-811f-4ae3-aaf0-8a9ebf6ac9b1;book3_thucydides_utf8.txt;Alcidas;char-offset:28372;PERSON;side:Sparthan|origin:Sparta|pleiades:570685;Sparta;570685;Sparthan;FALSE;28372.0;Sparta;37.08184552460426;22.424682546177092;precise;14
3e1cd30a-984b-492b-91c8-ff387ba989f0;book3_thucydides_utf8.txt;Alcidas;char-offset:95796;PERSON;side:Sparthan|origin:Sparta|pleiades:570685;Sparta;570685;Sparthan;FALSE;95796.0;Sparta;37.08184552460426;22.424682546177092;precise;14
22a94ae8-b636-4c2a-9c13-1ee9f5343663;book3_thucydides_utf8.txt;Paches;char-offset:30318;PERSON;origin:Athens|pleiades:579885|side:Athenian;Athens;579885;Athenian;FALSE;30318.0;Athenae;37.97158606761233;23.723824697002375;rough;14
544ec2d0-5206-4b44-bd40-5793fadc3dc8;book3_thucydides_utf8.txt;Paches;char-offset:36880;PERSON;origin:Athens|pleiades:579885|side:Athenian;Athens;579885;Athenian;FALSE;36880.0;Athenae;37.97158606761233;23.723824697002375;rough;14
b6e46708-7e77-4a8d-8c4a-6d1f8e54fc2e;book3_thucydides_utf8.txt;Alcidas;char-offset:35341;PERSON;side:Sparthan|origin:Sparta|pleiades:570685;Sparta;570685;Sparthan;FALSE;35341.0;Sparta;37.08184552460426;22.424682546177092;precise;14
aa565412-db2c-43e6-a738-5e76906d6a88;book3_thucydides_utf8.txt;Alcidas;char-offset:31785;PERSON;side:Sparthan|origin:Sparta|pleiades:570685;Sparta;570685;Sparthan;FALSE;31785.0;Sparta;37.08184552460426;22.424682546177092;precise;14
7083d1b7-1554-4541-bb3b-23506a9785d8;book3_thucydides_utf8.txt;Paches;char-offset:34873;PERSON;origin:Athens|pleiades:579885|side:Athenian;Athens;579885;Athenian;FALSE;34873.0;Athenae;37.97158606761233;23.723824697002375;rough;14
93aff4f8-3343-45c3-9225-d7faf3109846;book3_thucydides_utf8.txt;Paches;char-offset:36338;PERSON;origin:Athens|pleiades:579885|side:Athenian;Athens;579885;Athenian;FALSE;36338.0;Athenae;37.97158606761233;23.723824697002375;rough;14
8dc923ba-bf4d-4590-8b0a-1e34659484b7;book3_thucydides_utf8.txt;Paches;char-offset:31052;PERSON;origin:Athens|pleiades:579885|side:Athenian;Athens;579885;Athenian;FALSE;31052.0;Athenae;37.97158606761233;23.723824697002375;rough;14
59605c49-ffd1-4dea-92dd-b1268a3b3557;book3_thucydides_utf8.txt;Alcidas;char-offset:34526;PERSON;origin:Sparta|pleiades:570685|side:Sparthan;Sparta;570685;Sparthan;FALSE;34526.0;Sparta;37.08184552460426;22.424682546177092;precise;14
bf8f595c-fa9a-4062-9c8e-00a50b7ea233;book3_thucydides_utf8.txt;Alcidas;char-offset:34160;PERSON;side:Sparthan|origin:Sparta|pleiades:570685;Sparta;570685;Sparthan;FALSE;34160.0;Sparta;37.08184552460426;22.424682546177092;precise;14
0af581df-2d3c-463c-a436-d0ea93005b89;book3_thucydides_utf8.txt;Paches;char-offset:37146;PERSON;origin:Athens|pleiades:579885|side:Athenian;Athens;579885;Athenian;FALSE;37146.0;Athenae;37.97158606761233;23.723824697002375;rough;14
bb6c7790-a485-4582-ae27-5a1632864db7;book3_thucydides_utf8.txt;Paches;char-offset:30895;PERSON;origin:Athens|pleiades:579885|side:Athenian;Athens;579885;Athenian;FALSE;30895.0;Athenae;37.97158606761233;23.723824697002375;rough;14
2712866d-3ae0-4878-b3a4-def80ce6bc1c;book3_thucydides_utf8.txt;Paches;char-offset:30534;PERSON;origin:Athens|pleiades:579885|side:Athenian;Athens;579885;Athenian;FALSE;30534.0;Athenae;37.97158606761233;23.723824697002375;rough;14
b632f242-bf0d-4e25-b27b-132fbcdc975c;book3_thucydides_utf8.txt;Alcidas;char-offset:33418;PERSON;side:Sparthan|origin:Sparta|pleiades:570685;Sparta;570685;Sparthan;FALSE;33418.0;Sparta;37.08184552460426;22.424682546177092;precise;14
fbd602bd-c42e-4acd-ad54-a18d3521b4a2;book3_thucydides_utf8.txt;Paches;char-offset:38380;PERSON;origin:Athens|pleiades:579885|side:Athenian;Athens;579885;Athenian;FALSE;38380.0;Athenae;37.97158606761233;23.723824697002375;rough;14
b65e4812-ca5d-4991-bda8-f4f1049e6047;book3_thucydides_utf8.txt;Paches;char-offset:35228;PERSON;origin:Athens|pleiades:579885|side:Athenian;Athens;579885;Athenian;FALSE;35228.0;Athenae;37.97158606761233;23.723824697002375;rough;14
b0521b1a-3577-4e72-a6a3-e5fb22edaaf2;book3_thucydides_utf8.txt;Eurylochus;char-offset:129328;PERSON;origin:Sparta|pleiades:570685|side:Sparthan;Sparta;570685;Sparthan;FALSE;129328.0;Sparta;37.08184552460426;22.424682546177092;precise;12
991eefda-40ab-4edc-a9f3-2465ec6278b3;book3_thucydides_utf8.txt;Eurylochus;char-offset:133761;PERSON;origin:Sparta|pleiades:570685|side:Sparthan;Sparta;570685;Sparthan;FALSE;133761.0;Sparta;37.08184552460426;22.424682546177092;precise;12
7acb78f3-d1eb-43f3-994b-9fbafd612d8f;book3_thucydides_utf8.txt;Eurylochus;char-offset:132556;PERSON;origin:Sparta|pleiades:570685|side:Sparthan;Sparta;570685;Sparthan;FALSE;132556.0;Sparta;37.08184552460426;22.424682546177092;precise;12
45459782-56cf-4514-bafa-e9096a9c93f5;book3_thucydides_utf8.txt;Eurylochus;char-offset:133017;PERSON;origin:Sparta|pleiades:570685|side:Sparthan;Sparta;570685;Sparthan;FALSE;133017.0;Sparta;37.08184552460426;22.424682546177092;precise;12
bd76af88-732c-4b10-98d0-b584d5483a20;book3_thucydides_utf8.txt;Eurylochus;char-offset:128747;PERSON;origin:Sparta|pleiades:570685|side:Sparthan;Sparta;570685;Sparthan;FALSE;128747.0;Sparta;37.08184552460426;22.424682546177092;precise;12
4b193c65-fdcf-41e1-add8-a1734f3fae32;book3_thucydides_utf8.txt;Eurylochus;char-offset:122860;PERSON;origin:Sparta|pleiades:570685|side:Sparthan;Sparta;570685;Sparthan;FALSE;122860.0;Sparta;37.08184552460426;22.424682546177092;precise;12
7c70b949-a3bb-4768-bb0d-c714179445d7;book3_thucydides_utf8.txt;Eurylochus;char-offset:125212;PERSON;origin:Sparta|pleiades:570685|side:Sparthan;Sparta;570685;Sparthan;FALSE;125212.0;Sparta;37.08184552460426;22.424682546177092;precise;12
0b3af1e4-254e-473e-805f-1d8daf8a5ca8;book3_thucydides_utf8.txt;Eurylochus;char-offset:124675;PERSON;origin:Sparta|pleiades:570685|side:Sparthan;Sparta;570685;Sparthan;FALSE;124675.0;Sparta;37.08184552460426;22.424682546177092;precise;12
4522a114-0702-45a7-be59-bb606e96d4e5;book3_thucydides_utf8.txt;Eurylochus;char-offset:122741;PERSON;origin:Sparta|pleiades:570685|side:Sparthan;Sparta;570685;Sparthan;FALSE;122741.0;Sparta;37.08184552460426;22.424682546177092;precise;12
035d936d-5f12-4b08-b8a1-701760583e44;book3_thucydides_utf8.txt;Eurylochus;char-offset:123681;PERSON;origin:Sparta|pleiades:570685|side:Sparthan;Sparta;570685;Sparthan;FALSE;123681.0;Sparta;37.08184552460426;22.424682546177092;precise;12
2eaa876e-977f-4072-8ae9-d42cd0b09e3f;book3_thucydides_utf8.txt;Eurylochus;char-offset:129876;PERSON;origin:Sparta|pleiades:570685|side:Sparthan;Sparta;570685;Sparthan;FALSE;129876.0;Sparta;37.08184552460426;22.424682546177092;precise;12
2e8108f7-47d3-41f7-9cf5-3f2d5e9d7c9b;book3_thucydides_utf8.txt;Eurylochus;char-offset:130079;PERSON;origin:Sparta|pleiades:570685|side:Sparthan;Sparta;570685;Sparthan;FALSE;130079.0;Sparta;37.08184552460426;22.424682546177092;precise;12
a7d69479-3dcc-4abd-adbf-bdfa2f3173b8;book3_thucydides_utf8.txt;Cleon;char-offset:39062;PERSON;origin:Athens|pleiades:579885|side:Athenian;Athens;579885;Athenian;FALSE;39062.0;Athenae;37.97158606761233;23.723824697002375;rough;7
b50aa0d7-831d-4f1b-b9b2-e67dba8558cd;book3_thucydides_utf8.txt;Cleon;char-offset:58259;PERSON;origin:Athens|pleiades:579885|side:Athenian;Athens;579885;Athenian;FALSE;58259.0;Athenae;37.97158606761233;23.723824697002375;rough;7
aa027492-8464-45db-be53-de2390e87577;book3_thucydides_utf8.txt;Cleon;char-offset:57940;PERSON;origin:Athens|pleiades:579885|side:Athenian;Athens;579885;Athenian;FALSE;57940.0;Athenae;37.97158606761233;23.723824697002375;rough;7
cdc24a82-b975-4812-a523-7ea6156f2de0;book3_thucydides_utf8.txt;Cleon;char-offset:56802;PERSON;origin:Athens|pleiades:579885|side:Athenian;Athens;579885;Athenian;FALSE;56802.0;Athenae;37.97158606761233;23.723824697002375;rough;7
91367bb3-f339-402e-9f3d-befaa79fd22d;book3_thucydides_utf8.txt;Cleon;char-offset:52399;PERSON;origin:Athens|pleiades:579885|side:Athenian;Athens;579885;Athenian;FALSE;52399.0;Athenae;37.97158606761233;23.723824697002375;rough;7
62899bf9-3c1a-4e18-a632-ae5af7dccdce;book3_thucydides_utf8.txt;Cleon;char-offset:59992;PERSON;origin:Athens|pleiades:579885|side:Athenian;Athens;579885;Athenian;FALSE;59992.0;Athenae;37.97158606761233;23.723824697002375;rough;7
2ecf140d-4ca0-41d6-b9d3-ceee2ab379f5;book3_thucydides_utf8.txt;Cleon;char-offset:48537;PERSON;origin:Athens|pleiades:579885|side:Athenian;Athens;579885;Athenian;FALSE;48537.0;Athenae;37.97158606761233;23.723824697002375;rough;7
d1b3e45f-1c56-4e76-941e-0d1062df539d;book3_thucydides_utf8.txt;Laches;char-offset:142358;PERSON;origin:Athens|pleiades:579885|side:Athenian;Athens;579885;Athenian;FALSE;142358.0;Athenae;37.97158606761233;23.723824697002375;rough;6
0605c438-b51d-4f67-ac8c-77d37b1e4e7c;book3_thucydides_utf8.txt;Laches;char-offset:110473;PERSON;origin:Athens|pleiades:579885|side:Athenian;Athens;579885;Athenian;FALSE;110473.0;Athenae;37.97158606761233;23.723824697002375;rough;6
5691a9de-86ae-43ac-b3d4-edf4e3db476b;book3_thucydides_utf8.txt;Laches;char-offset:125954;PERSON;origin:Athens|pleiades:579885|side:Athenian;Athens;579885;Athenian;FALSE;125954.0;Athenae;37.97158606761233;23.723824697002375;rough;6
399e79c0-748f-4e3e-aa29-141a27e34649;book3_thucydides_utf8.txt;Laches;char-offset:143094;PERSON;origin:Athens|pleiades:579885|side:Athenian;Athens;579885;Athenian;FALSE;143094.0;Athenae;37.97158606761233;23.723824697002375;rough;6
242eea82-7c99-4d61-a014-d56665835f8e;book3_thucydides_utf8.txt;Laches;char-offset:143178;PERSON;origin:Athens|pleiades:579885|side:Athenian;Athens;579885;Athenian;FALSE;143178.0;Athenae;37.97158606761233;23.723824697002375;rough;6
7ff540a1-0669-45ff-9319-958ef0c9dc76;book3_thucydides_utf8.txt;Laches;char-offset:106201;PERSON;origin:Athens|pleiades:579885|side:Athenian;Athens;579885;Athenian;FALSE;106201.0;Athenae;37.97158606761233;23.723824697002375;rough;6
1a2efdd4-c6ac-43f2-adcc-491afe3a6c61;book3_thucydides_utf8.txt;Eurymedon;char-offset:142972;PERSON;origin:Athens|pleiades:579885|side:Athenian;Athens;579885;Athenian;FALSE;142972.0;Athenae;37.97158606761233;23.723824697002375;rough;5
6af8aeb1-e730-4642-8c75-b10310428084;book3_thucydides_utf8.txt;Peithias;char-offset:88808;PERSON;origin:Corcyra|pleiades:530834|side:Athenian;Corcyra;530834;Athenian;FALSE;88808.0;Corcyra (settlement);39.60813;19.906703;precise;5
88b5ee89-0f7d-4449-8c9d-663b1140a35b;book3_thucydides_utf8.txt;Eurymedon;char-offset:111815;PERSON;origin:Athens|pleiades:579885|side:Athenian;Athens;579885;Athenian;FALSE;111815.0;Athenae;37.97158606761233;23.723824697002375;rough;5
df1d8e78-9baa-4fac-aeb8-75d931140072;book3_thucydides_utf8.txt;Peithias;char-offset:88580;PERSON;origin:Corcyra|pleiades:530834|side:Athenian;Corcyra;530834;Athenian;FALSE;88580.0;Corcyra (settlement);39.60813;19.906703;precise;5
048db4eb-1693-457e-82d4-c069baf354bc;book3_thucydides_utf8.txt;Peithias;char-offset:88895;PERSON;origin:Corcyra|pleiades:530834|side:Athenian;Corcyra;530834;Athenian;FALSE;88895.0;Corcyra (settlement);39.60813;19.906703;precise;5
7e1c021f-1682-4fc5-8a39-55b616cd3516;book3_thucydides_utf8.txt;Peithias;char-offset:88416;PERSON;origin:Corcyra|pleiades:530834|side:Athenian;Corcyra;530834;Athenian;FALSE;88416.0;Corcyra (settlement);39.60813;19.906703;precise;5
0cc9841b-c57c-4c51-b0c2-ad5e9b97866b;book3_thucydides_utf8.txt;Peithias;char-offset:87923;PERSON;origin:Corcyra|pleiades:530834|side:Athenian;Corcyra;530834;Athenian;FALSE;87923.0;Corcyra (settlement);39.60813;19.906703;precise;5
d8fd490f-f1e2-4b63-91e2-1e887ae43abb;book3_thucydides_utf8.txt;Eurymedon;char-offset:105319;PERSON;origin:Athens|pleiades:579885|side:Athenian;Athens;579885;Athenian;FALSE;105319.0;Athenae;37.97158606761233;23.723824697002375;rough;5
3a0034a2-a5eb-44cb-9a62-337b8a7962b1;book3_thucydides_utf8.txt;Eurymedon;char-offset:97611;PERSON;origin:Athens|pleiades:579885|side:Athenian;Athens;579885;Athenian;FALSE;97611.0;Athenae;37.97158606761233;23.723824697002375;rough;5
4c7193be-8929-4667-a3cf-e4746d3e71da;book3_thucydides_utf8.txt;Eurymedon;char-offset:96421;PERSON;origin:Athens|pleiades:579885|side:Athenian;Athens;579885;Athenian;FALSE;96421.0;Athenae;37.97158606761233;23.723824697002375;rough;5
9d2e3fad-6254-4dc9-a501-49d65278db00;book3_thucydides_utf8.txt;Pausanias;char-offset:66014;PERSON;origin:Sparta|pleiades:570685|side:Sparthan;Sparta;570685;Sparthan;FALSE;66014.0;Sparta;37.08184552460426;22.424682546177092;precise;4
103e60d8-40d1-4994-8078-5202d754b576;book3_thucydides_utf8.txt;Salaethus;char-offset:37576;PERSON;origin:Sparta|pleiades:570685|side:Sparthan;Sparta;570685;Sparthan;FALSE;37576.0;Sparta;37.08184552460426;22.424682546177092;precise;4
523535de-e769-4525-9b4e-1ac651434211;book3_thucydides_utf8.txt;Salaethus;char-offset:27611;PERSON;origin:Sparta|pleiades:570685|side:Sparthan;Sparta;570685;Sparthan;FALSE;27611.0;Sparta;37.08184552460426;22.424682546177092;precise;4
1bba766c-0f39-4de9-b66b-17d0e01454c1;book3_thucydides_utf8.txt;Brasidas;char-offset:87150;PERSON;origin:Sparta|pleiades:570685|side:Sparthan;Sparta;570685;Sparthan;FALSE;87150.0;Sparta;37.08184552460426;22.424682546177092;precise;4
ef0c4ea9-dc23-4609-817d-ef2b4d9b5d4b;book3_thucydides_utf8.txt;Pausanias;char-offset:28672;PERSON;origin:Sparta|pleiades:570685|side:Sparthan;Sparta;570685;Sparthan;FALSE;28672.0;Sparta;37.08184552460426;22.424682546177092;precise;4
93615e2a-becc-410b-9642-3412586ab544;book3_thucydides_utf8.txt;Salaethus;char-offset:29633;PERSON;origin:Sparta|pleiades:570685|side:Sparthan;Sparta;570685;Sparthan;FALSE;29633.0;Sparta;37.08184552460426;22.424682546177092;precise;4
e2118f90-fabb-4b58-a729-c120dbf94b1c;book3_thucydides_utf8.txt;Nicias;char-offset:61064;PERSON;origin:Athens|pleiades:579885|side:Athenian;Athens;579885;Athenian;FALSE;61064.0;Athenae;37.97158606761233;23.723824697002375;rough;4
4f1b2487-9bc7-4c48-bd10-679f6ac9836e;book3_thucydides_utf8.txt;Salaethus;char-offset:37211;PERSON;origin:Sparta|pleiades:570685|side:Sparthan;Sparta;570685;Sparthan;FALSE;37211.0;Sparta;37.08184552460426;22.424682546177092;precise;4
73842cbe-1ad3-4bdd-ab07-e61df3fa2635;book3_thucydides_utf8.txt;Brasidas;char-offset:93291;PERSON;origin:Sparta|pleiades:570685|side:Sparthan;Sparta;570685;Sparthan;FALSE;93291.0;Sparta;37.08184552460426;22.424682546177092;precise;4
8e793204-5f27-46ff-8dfa-89b9120fc10d;book3_thucydides_utf8.txt;Pausanias;char-offset:84802;PERSON;origin:Sparta|pleiades:570685|side:Sparthan;Sparta;570685;Sparthan;FALSE;84802.0;Sparta;37.08184552460426;22.424682546177092;precise;4
2de49bcf-6d47-46d5-aeda-820607fb958e;book3_thucydides_utf8.txt;Nicias;char-offset:111273;PERSON;origin:Athens|pleiades:579885|side:Athenian;Athens;579885;Athenian;FALSE;111273.0;Athenae;37.97158606761233;23.723824697002375;rough;4
01df60f1-7ea9-4db1-8ae6-8d61b1ce0e67;book3_thucydides_utf8.txt;Nicias;char-offset:60882;PERSON;origin:Athens|pleiades:579885|side:Athenian;Athens;579885;Athenian;FALSE;60882.0;Athenae;37.97158606761233;23.723824697002375;rough;4
2ca2db71-5871-48b9-94a1-3413bfdd2ecb;book3_thucydides_utf8.txt;Brasidas;char-offset:95768;PERSON;origin:Sparta|pleiades:570685|side:Sparthan;Sparta;570685;Sparthan;FALSE;95768.0;Sparta;37.08184552460426;22.424682546177092;precise;4
ac8d5239-f66e-4a66-b5af-6ed3a6cb3adf;book3_thucydides_utf8.txt;Nicias;char-offset:112194;PERSON;origin:Athens|pleiades:579885|side:Athenian;Athens;579885;Athenian;FALSE;112194.0;Athenae;37.97158606761233;23.723824697002375;rough;4
4f3df61c-5102-44a1-803b-1034868c2c63;book3_thucydides_utf8.txt;Brasidas;char-offset:86817;PERSON;origin:Sparta|pleiades:570685|side:Sparthan;Sparta;570685;Sparthan;FALSE;86817.0;Sparta;37.08184552460426;22.424682546177092;precise;4
eadf18f2-69a8-48cf-a72b-7627dbd1f14d;book3_thucydides_utf8.txt;Pausanias;char-offset:71739;PERSON;origin:Sparta|pleiades:570685|side:Sparthan;Sparta;570685;Sparthan;FALSE;71739.0;Sparta;37.08184552460426;22.424682546177092;precise;4
4a47d36f-4e9e-4ae8-9fc2-f73017d05456;book3_thucydides_utf8.txt;Menedaius;char-offset:133730;PERSON;origin:Sparta|pleiades:570685|side:Sparthan;Sparta;570685;Sparthan;FALSE;133730.0;Sparta;37.08184552460426;22.424682546177092;precise;3
6127069d-3f29-4316-b046-995e26d89a16;book3_thucydides_utf8.txt;Pythodorus;char-offset:142310;PERSON;origin:Athens|pleiades:579885|side:Athenian;Athens;579885;Athenian;FALSE;142310.0;Athenae;37.97158606761233;23.723824697002375;rough;3
8f97ea11-397f-42ab-a77f-3da6575827fa;book3_thucydides_utf8.txt;Pythodorus;char-offset:142882;PERSON;origin:Athens|pleiades:579885|side:Athenian;Athens;579885;Athenian;FALSE;142882.0;Athenae;37.97158606761233;23.723824697002375;rough;3
78aa67b5-aae4-40e4-bdf9-af0a14320ae1;book3_thucydides_utf8.txt;Salynthius;char-offset:141138;PERSON;origin:Aetolia|pleiades:540591|side:Sparthan;Aetolia;540591;Sparthan;FALSE;141138.0;Aetolia;38.70283552763194;21.73891803174163;precise;3
6031b62d-2c17-44d6-8931-d1c6f3e14556;book3_thucydides_utf8.txt;Menedaius;char-offset:134408;PERSON;origin:Sparta|pleiades:570685|side:Sparthan;Sparta;570685;Sparthan;FALSE;134408.0;Sparta;37.08184552460426;22.424682546177092;precise;3
9d00d0d9-4177-4af7-83c8-0092c7c7046c;book3_thucydides_utf8.txt;Thucles;char-offset:142990;PERSON;origin:Athens|pleiades:579885|side:Athenian;Athens;579885;Athenian;FALSE;142990.0;Athenae;37.97158606761233;23.723824697002375;rough;3
053566ad-4ad4-4927-a70a-60bc2b8917b5;book3_thucydides_utf8.txt;Pythodorus;char-offset:143058;PERSON;origin:Athens|pleiades:579885|side:Athenian;Athens;579885;Athenian;FALSE;143058.0;Athenae;37.97158606761233;23.723824697002375;rough;3
6948d6c9-c9a9-4b65-ae3b-5035d3e978f0;book3_thucydides_utf8.txt;Salynthius;char-offset:141028;PERSON;origin:Aetolia|pleiades:540591|side:Sparthan;Aetolia;540591;Sparthan;FALSE;141028.0;Aetolia;38.70283552763194;21.73891803174163;precise;3
10a89681-e42a-4f3c-bcbb-60c2fb74ae59;book3_thucydides_utf8.txt;Salynthius;char-offset:136454;PERSON;origin:Aetolia|pleiades:540591|side:Sparthan;Aetolia;540591;Sparthan;FALSE;136454.0;Aetolia;38.70283552763194;21.73891803174163;precise;3
905858df-cb17-46c3-8fee-483639a8ca26;book3_thucydides_utf8.txt;Thucydides;char-offset:143710;PERSON;origin:Athens|pleiades:579885|side:Athenian;Athens;579885;Athenian;FALSE;143710.0;Athenae;37.97158606761233;23.723824697002375;rough;3
6e5c9f1b-b630-44f8-a5da-a191088a32d3;book3_thucydides_utf8.txt;Proxenus;char-offset:126079;PERSON;origin:Locri|pleiades:452369|side:Sparthan;Locri;452369;Sparthan;FALSE;126079.0;Lokroi Epizephyrioi;38.226295500000006;16.244339500000002;precise;3
32bb0dcb-c2fb-42dc-8fb2-8bce3fc6d58d;book3_thucydides_utf8.txt;Nicostratus;char-offset:92623;PERSON;origin:Athens|pleiades:579885|side:Athenian;Athens;579885;Athenian;FALSE;92623.0;Athenae;37.97158606761233;23.723824697002375;rough;3
26b5b581-dc01-4a30-84c2-96cb53af2640;book3_thucydides_utf8.txt;Diodotus;char-offset:48554;PERSON;origin:Athens|pleiades:579885|side:Athenian;Athens;579885;Athenian;FALSE;48554.0;Athenae;37.97158606761233;23.723824697002375;rough;3
02145105-7715-4858-8415-a1781949e463;book3_thucydides_utf8.txt;Diodotus;char-offset:58683;PERSON;origin:Athens|pleiades:579885|side:Athenian;Athens;579885;Athenian;FALSE;58683.0;Athenae;37.97158606761233;23.723824697002375;rough;3
8152eea0-29ee-4e8c-8e50-d75cf6b6e3fd;book3_thucydides_utf8.txt;Diodotus;char-offset:58940;PERSON;origin:Athens|pleiades:579885|side:Athenian;Athens;579885;Athenian;FALSE;58940.0;Athenae;37.97158606761233;23.723824697002375;rough;3
ff196dd3-aedc-4846-a462-6042da5bf8d6;book3_thucydides_utf8.txt;Menedaius;char-offset:122792;PERSON;origin:Sparta|pleiades:570685|side:Sparthan;Sparta;570685;Sparthan;FALSE;122792.0;Sparta;37.08184552460426;22.424682546177092;precise;3
09bac1b1-9ce5-43a9-a71c-99833a6240c7;book3_thucydides_utf8.txt;Proxenus;char-offset:63439;PERSON;origin:Locri|pleiades:452369|side:Sparthan;Locri;452369;Sparthan;FALSE;63439.0;Lokroi Epizephyrioi;38.226295500000006;16.244339500000002;precise;3
96c13e14-ea7d-4ea0-b8bc-0262a8a59cdb;book3_thucydides_utf8.txt;Proxenus;char-offset:87945;PERSON;origin:Locri|pleiades:452369|side:Sparthan;Locri;452369;Sparthan;FALSE;87945.0;Lokroi Epizephyrioi;38.226295500000006;16.244339500000002;precise;3
df7115ba-0450-40b4-8d6a-4f691a45a4b3;book3_thucydides_utf8.txt;Nicostratus;char-offset:91405;PERSON;origin:Athens|pleiades:579885|side:Athenian;Athens;579885;Athenian;FALSE;91405.0;Athenae;37.97158606761233;23.723824697002375;rough;3
dda52297-6e29-4694-95ef-0f70de162cd2;book3_thucydides_utf8.txt;Nicostratus;char-offset:92297;PERSON;origin:Athens|pleiades:579885|side:Athenian;Athens;579885;Athenian;FALSE;92297.0;Athenae;37.97158606761233;23.723824697002375;rough;3
f121d5ba-df46-4bf0-abef-1b366b198ccc;book3_thucydides_utf8.txt;Thucydides;char-offset:28254;PERSON;origin:Athens|pleiades:579885|side:Athenian;Athens;579885;Athenian;FALSE;28254.0;Athenae;37.97158606761233;23.723824697002375;rough;3
be24a7b2-6607-49cf-aeab-10acd96ad3c2;book3_thucydides_utf8.txt;Thucles;char-offset:96439;PERSON;origin:Athens|pleiades:579885|side:Athenian;Athens;579885;Athenian;FALSE;96439.0;Athenae;37.97158606761233;23.723824697002375;rough;3
c2970bca-65e9-4b5e-bedf-c2d6c85ce1fe;book3_thucydides_utf8.txt;Thucydides;char-offset:108753;PERSON;origin:Athens|pleiades:579885|side:Athenian;Athens;579885;Athenian;FALSE;108753.0;Athenae;37.97158606761233;23.723824697002375;rough;3
1c296e56-f3a3-43f8-ba6e-29d51198bb76;book3_thucydides_utf8.txt;Phormio;char-offset:18163;PERSON;origin:Athens|pleiades:579885|side:Athenian;Athens;579885;Athenian;FALSE;18163.0;Athenae;37.97158606761233;23.723824697002375;rough;3
8a2b25b6-507c-4f01-9a60-4fcf1f733e04;book3_thucydides_utf8.txt;Thucles;char-offset:111833;PERSON;origin:Athens|pleiades:579885|side:Athenian;Athens;579885;Athenian;FALSE;111833.0;Athenae;37.97158606761233;23.723824697002375;rough;3
a4439449-2f9d-4589-abd8-37ecf0f451e8;book3_thucydides_utf8.txt;Phormio;char-offset:6567;PERSON;origin:Athens|pleiades:579885|side:Athenian;Athens;579885;Athenian;FALSE;6567.0;Athenae;37.97158606761233;23.723824697002375;rough;3
2828d5d8-090c-4312-a838-a0ee16a6bc05;book3_thucydides_utf8.txt;Phormio;char-offset:6474;PERSON;origin:Athens|pleiades:579885|side:Athenian;Athens;579885;Athenian;FALSE;6474.0;Athenae;37.97158606761233;23.723824697002375;rough;3
b4990a0b-9413-4128-a858-b729a7c839f9;book3_thucydides_utf8.txt;Pissuthnes;char-offset:33369;PERSON;origin:Lydia|pleiades:550701|side:Sparthan;Lydia;550701;Sparthan;FALSE;33369.0;Lydia/Maionia (region);38.58651991138021;28.74612827241523;rough;2
12aee37c-74fa-4d34-9e4a-2ca974040f8c;book3_thucydides_utf8.txt;Lysicles;char-offset:19853;PERSON;origin:Athens|pleiades:579885|side:Athenian;Athens;579885;Athenian;FALSE;19853.0;Athenae;37.97158606761233;23.723824697002375;rough;2
a1104238-7707-4ee8-af56-c75c9c4ad2c9;book3_thucydides_utf8.txt;Lysicles;char-offset:19741;PERSON;origin:Athens|pleiades:579885|side:Athenian;Athens;579885;Athenian;FALSE;19741.0;Athenae;37.97158606761233;23.723824697002375;rough;2
2e363416-e056-4fca-a0f4-cb9f48e5e0e4;book3_thucydides_utf8.txt;Asopius;char-offset:6667;PERSON;origin:Athens|pleiades:579885|side:Athenian;Athens;579885;Athenian;FALSE;6667.0;Athenae;37.97158606761233;23.723824697002375;rough;2
c85b7404-765a-42d1-80c6-c3caac3f6a6b;book3_thucydides_utf8.txt;Teutiaplus;char-offset:31730;PERSON;origin:Elis|pleiades:570221|side:Sparthan;Elis;570221;Sparthan;FALSE;31730.0;Elis (region);37.747673567648086;21.68839605949472;rough;2
3481dbb9-895c-4cc5-8a25-8711461ba475;book3_thucydides_utf8.txt;Teutiaplus;char-offset:32824;PERSON;origin:Elis|pleiades:570221|side:Sparthan;Elis;570221;Sparthan;FALSE;32824.0;Elis (region);37.747673567648086;21.68839605949472;rough;2
eda5b335-70b1-4b10-b4e0-0a835d985297;book3_thucydides_utf8.txt;Niceratus;char-offset:60897;PERSON;origin:Athens|pleiades:579885|side:Athenian;Athens;579885;Athenian;FALSE;60897.0;Athenae;37.97158606761233;23.723824697002375;rough;2
b8ec07be-1a85-4d12-a30a-5313a2eefc92;book3_thucydides_utf8.txt;Pissuthnes;char-offset:36124;PERSON;origin:Lydia|pleiades:550701|side:Sparthan;Lydia;550701;Sparthan;FALSE;36124.0;Lydia/Maionia (region);38.58651991138021;28.74612827241523;rough;2
5d7e31fe-b75b-4d36-b4c6-0f94fccfa4e7;book3_thucydides_utf8.txt;Hippias;char-offset:36362;PERSON;origin:Arcadia|pleiades:570102|side:Sparthan;Arcadia;570102;Sparthan;FALSE;36362.0;Arcadia;37.565025000000006;22.299166999999997;rough;2
4484033d-537d-4ad9-be40-a2c678f70088;book3_thucydides_utf8.txt;Hippias;char-offset:36779;PERSON;origin:Arcadia|pleiades:570102|side:Sparthan;Arcadia;570102;Sparthan;FALSE;36779.0;Arcadia;37.565025000000006;22.299166999999997;rough;2
998ba5cd-e5bd-46d0-a89b-261cd8c3aab5;book3_thucydides_utf8.txt;Macarius;char-offset:133776;PERSON;origin:Sparta|pleiades:570685|side:Sparthan;Sparta;570685;Sparthan;FALSE;133776.0;Sparta;37.08184552460426;22.424682546177092;precise;2
3cec1fa3-ffd6-4dad-800a-e1af8f62fcf5;book3_thucydides_utf8.txt;Asopius;char-offset:6458;PERSON;origin:Athens|pleiades:579885|side:Athenian;Athens;579885;Athenian;FALSE;6458.0;Athenae;37.97158606761233;23.723824697002375;rough;2
ed9c0f59-eaa4-4439-b491-357d933560f6;book3_thucydides_utf8.txt;Archidamus;char-offset:108898;PERSON;origin:Sparta|pleiades:570685|side:Sparthan;Sparta;570685;Sparthan;FALSE;108898.0;Sparta;37.08184552460426;22.424682546177092;precise;2
23751744-0ed0-47a3-869e-6590cf90a393;book3_thucydides_utf8.txt;Procles;char-offset:111173;PERSON;origin:Athens|pleiades:579885|side:Athenian;Athens;579885;Athenian;FALSE;111173.0;Athenae;37.97158606761233;23.723824697002375;rough;2
cbc86e7f-eefc-4c1a-9636-a2c3eeb3d59f;book3_thucydides_utf8.txt;Niceratus;char-offset:111288;PERSON;origin:Athens|pleiades:579885|side:Athenian;Athens;579885;Athenian;FALSE;111288.0;Athenae;37.97158606761233;23.723824697002375;rough;2
b40158dc-ee80-4b8c-bb1c-ded7195bcadd;book3_thucydides_utf8.txt;Procles;char-offset:121710;PERSON;origin:Athens|pleiades:579885|side:Athenian;Athens;579885;Athenian;FALSE;121710.0;Athenae;37.97158606761233;23.723824697002375;rough;2
3b41e116-b53b-4ab3-933b-55b3dd04ee75;book3_thucydides_utf8.txt;Macarius;char-offset:122779;PERSON;origin:Sparta|pleiades:570685|side:Sparthan;Sparta;570685;Sparthan;FALSE;122779.0;Sparta;37.08184552460426;22.424682546177092;precise;2
4e458de9-35e8-4022-8ab3-c5756578dc2c;book3_thucydides_utf8.txt;Archidamus;char-offset:124;PERSON;origin:Sparta|pleiades:570685|side:Sparthan;Sparta;570685;Sparthan;FALSE;124.0;Sparta;37.08184552460426;22.424682546177092;precise;2