UUID;FILE;QUOTE_TRANSCRIPTION;ANCHOR;TYPE;TAGS
68f03982-8bd1-4794-a286-bbb61f17315d;book3_thucydides_utf8.txt;Peloponnesians;char-offset:56;PERSON;group|origin:Sparta|pleiades:570685|side:Sparthan
4e458de9-35e8-4022-8ab3-c5756578dc2c;book3_thucydides_utf8.txt;Archidamus;char-offset:124;PERSON;origin:Sparta|pleiades:570685|side:Sparthan
4418a5f7-4252-4618-8870-19a79fe8885d;book3_thucydides_utf8.txt;Zeuxidamus;char-offset:143;PERSON;origin:Sparta|pleiades:570685|side:Sparthan
355cf285-2cb5-4881-aa19-ea46f2a75da2;book3_thucydides_utf8.txt;Lacedaemonians;char-offset:167;PERSON;group|origin:Sparta|pleiades:570685|side:Sparthan
edeef4d7-5405-4431-a25b-5cbf73d470c0;book3_thucydides_utf8.txt;he Athenian horse;char-offset:223;PERSON;group|origin:Athens|pleiades:579885|side:Athenian
8b963e9a-e59d-4a8d-8f9e-3df6d14257cd;book3_thucydides_utf8.txt;Peloponnesians;char-offset:572;PERSON;group|origin:Sparta|pleiades:570685|side:Sparthan
aa6dc162-7ce8-445e-82ed-60e5c8072cba;book3_thucydides_utf8.txt;Lesbians;char-offset:649;PERSON;group|origin:Lesbos|pleiades:550696|side:Sparthan
4ef1c3be-331e-47f5-87ba-0cb3185b0073;book3_thucydides_utf8.txt;Lacedaemonians;char-offset:708;PERSON;group|origin:Sparta|pleiades:570685|side:Sparthan
246854c3-9427-41fd-800c-056c4adf82b4;book3_thucydides_utf8.txt;Tenedians;char-offset:1090;PERSON;group|origin:Tenedos|pleiades:550911|side:Athenian
8b32e956-52a6-48be-a37d-45ad5ecf101c;book3_thucydides_utf8.txt;Athenians;char-offset:1240;PERSON;group|origin:Athens|pleiades:579885|side:Athenian
b36f0b46-c68f-4537-8379-6d971d62d2d9;book3_thucydides_utf8.txt;Mitylenians;char-offset:1259;PERSON;origin:Mytilene|group|pleiades:550763|side:Sparthan
87f96285-79eb-4ac2-bf05-f447d747da2c;book3_thucydides_utf8.txt;Boeotians;char-offset:1416;PERSON;group|origin:Boetia|pleiades:540689|side:Sparthan
62b68094-a396-4eac-a70b-05cdf502ae7a;book3_thucydides_utf8.txt;Lacedaemonians;char-offset:1448;PERSON;group|origin:Sparta|pleiades:570685|side:Sparthan
c0b3691f-7807-4bb7-be53-e94fbcb431e2;book3_thucydides_utf8.txt;Athenians;char-offset:1579;PERSON;group|origin:Athens|pleiades:579885|side:Athenian
f9e3932a-ce57-4b36-9da3-410292ad4fa4;book3_thucydides_utf8.txt;Mitylenians;char-offset:1961;PERSON;origin:Mytilene|group|pleiades:550763|side:Sparthan
b6a15203-4083-470c-ba59-4f1ee386c14c;book3_thucydides_utf8.txt;Cleippides;char-offset:2209;PERSON;origin:Athens|pleiades:579885|side:Athenian
123ab5b2-b428-497a-a4a1-3365bf1a352b;book3_thucydides_utf8.txt;Deinias;char-offset:2228;PERSON;origin:Athens|pleiades:579885|side:Athenian
0da9b188-c54f-4044-98f3-dea02a38b765;book3_thucydides_utf8.txt;Mitylenians;char-offset:2542;PERSON;origin:Mytilene|group|pleiades:550763|side:Sparthan
d1353a91-3696-4300-b34a-00f8bc381aae;book3_thucydides_utf8.txt;Mitylenians;char-offset:2735;PERSON;origin:Mytilene|group|pleiades:550763|side:Sparthan
07676771-c3cc-4c49-ae1f-02386e1fba03;book3_thucydides_utf8.txt;Athenians;char-offset:2832;PERSON;group|origin:Athens|pleiades:579885|side:Athenian
194ddbf3-e9ec-4712-ad19-70351b6d3351;book3_thucydides_utf8.txt;Mitylenians;char-offset:2895;PERSON;origin:Mytilene|group|pleiades:550763|side:Sparthan
be79f58c-d9ac-4834-9c4a-7ea9e2a1c1b3;book3_thucydides_utf8.txt;Mitylenians;char-offset:3166;PERSON;origin:Mytilene|group|pleiades:550763|side:Sparthan
b1d7f020-8ac1-4477-bc58-eb868773ef3a;book3_thucydides_utf8.txt;Athenians;char-offset:3348;PERSON;group|origin:Athens|pleiades:579885|side:Athenian
d6b89ae4-34cc-4a6d-a77b-f46b99adb513;book3_thucydides_utf8.txt;Mitylenians;char-offset:3459;PERSON;origin:Mytilene|group|pleiades:550763|side:Sparthan
4a9c9f12-cd39-46c8-abf5-40b98834ebb8;book3_thucydides_utf8.txt;Mitylenians;char-offset:3520;PERSON;origin:Mytilene|group|pleiades:550763|side:Sparthan
49f6f16c-210f-4ea7-8627-d6797bb9cf86;book3_thucydides_utf8.txt;Athenian commanders;char-offset:3883;PERSON;group|origin:Athens|pleiades:579885|side:Athenian
190166f0-233b-48ae-810e-e13a8ac2b9ad;book3_thucydides_utf8.txt;Mitylenians;char-offset:4061;PERSON;origin:Mytilene|group|pleiades:550763|side:Sparthan
ade571c6-8088-42d8-a1c4-1f8b27c11c8e;book3_thucydides_utf8.txt;Athenians;char-offset:4188;PERSON;group|origin:Athens|pleiades:579885|side:Athenian
90132604-41ab-419e-95d1-ec81424fb8c2;book3_thucydides_utf8.txt;Mitylenians;char-offset:4739;PERSON;origin:Mytilene|group|pleiades:550763|side:Sparthan
29f0fa1c-1664-490a-8d86-8ec31cff3590;book3_thucydides_utf8.txt;Athenians;char-offset:4841;PERSON;group|origin:Athens|pleiades:579885|side:Athenian
837ae33a-bfec-4b60-adb3-8795f2d4d58f;book3_thucydides_utf8.txt;Imbrians;char-offset:4860;PERSON;group|origin:Imbros|pleiades:501439|side:Athenian
dfe139fb-dde6-4bd6-9db1-9716fe4a7cc1;book3_thucydides_utf8.txt;Lemnians;char-offset:4873;PERSON;group|origin:Lemnos|pleiades:550693|side:Athenian
f1929d55-7c39-46ad-b132-5e2955c1bb10;book3_thucydides_utf8.txt;Mitylenians;char-offset:4924;PERSON;origin:Mytilene|group|pleiades:550763|side:Sparthan
1db6351c-80e7-4e5b-a790-3f54a7f81864;book3_thucydides_utf8.txt;Meleas;char-offset:5345;PERSON;origin:Laconia|pleiades:570406|side:Sparthan
6d60d2ee-d56d-4e51-8efe-67c6ae2c1ada;book3_thucydides_utf8.txt;Hermaeondas;char-offset:5369;PERSON;origin:Thebe|pleiades:541138|side:Sparthan
1c92ab8e-644d-4861-90cc-b02a735dd02e;book3_thucydides_utf8.txt;Mitylenians;char-offset:5636;PERSON;origin:Mytilene|group|pleiades:550763|side:Sparthan
90fa8897-ec71-4531-9e18-36417b70ca5e;book3_thucydides_utf8.txt;Athenians;char-offset:5682;PERSON;group|origin:Athens|pleiades:579885|side:Athenian
9f57ecbb-7a1a-495b-9442-1b5dc85edb11;book3_thucydides_utf8.txt;Mitylenians;char-offset:5735;PERSON;origin:Mytilene|group|pleiades:550763|side:Sparthan
d93edc94-f7ed-479b-946c-97538884bbac;book3_thucydides_utf8.txt;Lesbians;char-offset:5851;PERSON;group|origin:Lesbos|pleiades:550696|side:Sparthan
d48a36c1-6fa7-4d84-8987-ece8d92dc630;book3_thucydides_utf8.txt;Mitylenians;char-offset:6073;PERSON;origin:Mytilene|group|pleiades:550763|side:Sparthan
89688f75-d564-4a0e-8f5c-f6a4e8a24bf1;book3_thucydides_utf8.txt;Lesbians;char-offset:6148;PERSON;group|origin:Lesbos|pleiades:550696|side:Sparthan
f0d36f2f-fe3e-4808-9e22-e14ee4fe168f;book3_thucydides_utf8.txt;Athenians;char-offset:6186;PERSON;group|origin:Athens|pleiades:579885|side:Athenian
3142214e-b2ec-4f8a-8765-cdf16f54dfe7;book3_thucydides_utf8.txt;Athenians;char-offset:6367;PERSON;group|origin:Athens|pleiades:579885|side:Athenian
3cec1fa3-ffd6-4dad-800a-e1af8f62fcf5;book3_thucydides_utf8.txt;Asopius;char-offset:6458;PERSON;origin:Athens|pleiades:579885|side:Athenian
2828d5d8-090c-4312-a838-a0ee16a6bc05;book3_thucydides_utf8.txt;Phormio;char-offset:6474;PERSON;origin:Athens|pleiades:579885|side:Athenian
a04722da-cba8-4b2c-9ec5-89b7aa03cfa6;book3_thucydides_utf8.txt;Acarnanians;char-offset:6487;PERSON;origin:Acarnania|pleiades:530767|side:Athenian|group
a4439449-2f9d-4589-abd8-37ecf0f451e8;book3_thucydides_utf8.txt;Phormio;char-offset:6567;PERSON;origin:Athens|pleiades:579885|side:Athenian
2e363416-e056-4fca-a0f4-cb9f48e5e0e4;book3_thucydides_utf8.txt;Asopius;char-offset:6667;PERSON;origin:Athens|pleiades:579885|side:Athenian
bf62f87e-06ca-46ac-a2f0-5cfcd6d5af50;book3_thucydides_utf8.txt;Acarnanian;char-offset:6792;PERSON;group|origin:Acarnania|pleiades:530767|side:Athenian
bbb61b1f-72a2-45ec-95d8-0c7272d3609a;book3_thucydides_utf8.txt;Athenians;char-offset:7225;PERSON;group|origin:Athens|pleiades:579885|side:Athenian
d6626a63-3f8f-4cdf-b0b0-87361978037e;book3_thucydides_utf8.txt;Leucadians;char-offset:7279;PERSON;group|origin:Leucas|pleiades:530975|side:Sparthan
b350019c-3227-4b48-baa4-5382c78fd9d5;book3_thucydides_utf8.txt;Mitylenians;char-offset:7334;PERSON;origin:Mytilene|group|pleiades:550763|side:Sparthan
a9efeab7-1239-4cc8-84ac-5c71040c80ca;book3_thucydides_utf8.txt;Lacedaemonians;char-offset:7390;PERSON;group|origin:Sparta|pleiades:570685|side:Sparthan
4887837e-c66a-44d0-8e68-45d1a3a19179;book3_thucydides_utf8.txt;Dorieus;char-offset:7580;PERSON;origin:Rhodes|pleiades:589836|side:Athenian
d0031367-c966-47eb-befd-e71cf2fa5e9f;book3_thucydides_utf8.txt;Lacedaemonians;char-offset:7720;PERSON;group|origin:Sparta|pleiades:570685|side:Sparthan
a0b669ff-54ed-4690-825f-32b7400fb08e;book3_thucydides_utf8.txt;Athenians;char-offset:8315;PERSON;group|origin:Athens|pleiades:579885|side:Athenian
bde24841-a5fe-47e5-807d-79f75a6c76cf;book3_thucydides_utf8.txt;Athenians;char-offset:8923;PERSON;group|origin:Athens|pleiades:579885|side:Athenian
b8f8d828-c11e-4ae9-a63d-f68b28e34183;book3_thucydides_utf8.txt;Athenians;char-offset:9069;PERSON;group|origin:Athens|pleiades:579885|side:Athenian
583adf40-50e6-432f-8365-4bd96c2ad137;book3_thucydides_utf8.txt;Athenians;char-offset:9202;PERSON;group|origin:Athens|pleiades:579885|side:Athenian
fb0a1ddf-fbed-4cf0-aaa9-4f2d44b289b9;book3_thucydides_utf8.txt;Lacedaemonians;char-offset:12638;PERSON;group|origin:Sparta|pleiades:570685|side:Sparthan
1af56f4a-94cc-44cc-b738-5e618f108ea5;book3_thucydides_utf8.txt;Boeotians;char-offset:13022;PERSON;group|origin:Boetia|pleiades:540689|side:Sparthan
5dbcfc5b-10f8-49d2-83c6-b5055f784426;book3_thucydides_utf8.txt;Athenians;char-offset:13145;PERSON;group|origin:Athens|pleiades:579885|side:Athenian
7ba92ce4-0115-4fa9-ae4c-ac78fbed15f8;book3_thucydides_utf8.txt;Athenians;char-offset:13255;PERSON;group|origin:Athens|pleiades:579885|side:Athenian
17d4c802-2611-455c-959f-d3ae96f9b12b;book3_thucydides_utf8.txt;Athenians;char-offset:13702;PERSON;group|origin:Athens|pleiades:579885|side:Athenian
01518380-1f0f-45b0-9a2e-56f8bccf82c9;book3_thucydides_utf8.txt;Athenians;char-offset:14748;PERSON;group|origin:Athens|pleiades:579885|side:Athenian
c3a6176c-53ec-482a-bbee-745968ab76b9;book3_thucydides_utf8.txt;Mitylenians;char-offset:15212;PERSON;origin:Mytilene|group|pleiades:550763|side:Sparthan
0a056893-7ed1-4c17-932e-325d1c675460;book3_thucydides_utf8.txt;Mitylenians;char-offset:15530;PERSON;origin:Mytilene|group|pleiades:550763|side:Sparthan
934c68fd-783b-4f8c-8a31-108732fbbcf8;book3_thucydides_utf8.txt;Lacedaemonians;char-offset:15571;PERSON;group|origin:Sparta|pleiades:570685|side:Sparthan
cd5501cd-7c9b-4cef-bcc4-90aca244d29b;book3_thucydides_utf8.txt;Lesbians;char-offset:15641;PERSON;side:Sparthan|group|origin:Lesbos|pleiades:550696
d6b7d5fc-4529-4697-a061-7ef650843067;book3_thucydides_utf8.txt;Athenians;char-offset:16219;PERSON;group|origin:Athens|pleiades:579885|side:Athenian
03abc390-bdad-4035-a392-02ad195bd99d;book3_thucydides_utf8.txt;the Lesbian fleet,;char-offset:16403;PERSON;group|origin:Lesbos|pleiades:550696|side:Sparthan
8c3de9f5-ffec-40ae-a45a-f4ce72e75817;book3_thucydides_utf8.txt;the citizens of Athens;char-offset:16529;PERSON;group|origin:Athens|pleiades:579885|side:Athenian
0ab0eda5-5fd3-4d86-b449-667492f95ca1;book3_thucydides_utf8.txt;Lacedaemonians;char-offset:16773;PERSON;group|origin:Sparta|pleiades:570685|side:Sparthan
75cf59a3-5378-431f-8b1a-6631cd48f7a0;book3_thucydides_utf8.txt;Lesbians;char-offset:16803;PERSON;group|origin:Lesbos|pleiades:550696|side:Sparthan
52cadba3-ee9c-42ad-868a-1f9358cd3a43;book3_thucydides_utf8.txt;Alcidas;char-offset:17171;PERSON;side:Sparthan|origin:Sparta|pleiades:570685
0dce7d6b-9155-45fc-a1b9-29886b60864f;book3_thucydides_utf8.txt;Athenians;char-offset:17256;PERSON;group|origin:Athens|pleiades:579885|side:Athenian
69c36d4d-6258-4100-965c-36706f0f2c00;book3_thucydides_utf8.txt;Lacedaemonians;char-offset:17304;PERSON;group|origin:Sparta|pleiades:570685|side:Sparthan
1c296e56-f3a3-43f8-ba6e-29d51198bb76;book3_thucydides_utf8.txt;Phormio;char-offset:18163;PERSON;origin:Athens|pleiades:579885|side:Athenian
21137da9-1eae-4d87-bd9e-994cdb76fe2d;book3_thucydides_utf8.txt;Lacedaemonians;char-offset:18389;PERSON;group|origin:Sparta|pleiades:570685|side:Sparthan
47df769b-51b8-4f30-baf6-e0e1834a75b1;book3_thucydides_utf8.txt;Mitylenians;char-offset:18429;PERSON;origin:Mytilene|group|pleiades:550763|side:Sparthan
a94c4197-c957-458c-9d8e-c3fa8349d98b;book3_thucydides_utf8.txt;Athenians;char-offset:19019;PERSON;group|origin:Athens|pleiades:579885|side:Athenian
1f26e888-17e2-4199-b944-0e137cf9b243;book3_thucydides_utf8.txt;Mitylenians;char-offset:19047;PERSON;origin:Mytilene|group|pleiades:550763|side:Sparthan
f0284e0a-681b-47f8-aa8d-36593926c3fd;book3_thucydides_utf8.txt;Paches;char-offset:19184;PERSON;origin:Athens|pleiades:579885|side:Athenian
9c5e47f7-4c7f-4c5b-9963-9b0ab507817e;book3_thucydides_utf8.txt;Epicurus;char-offset:19199;PERSON;origin:Athens|pleiades:579885|side:Athenian
9f0e6270-0ffc-48b4-8512-b5efe3539153;book3_thucydides_utf8.txt;Athenians;char-offset:19527;PERSON;group|origin:Athens|pleiades:579885|side:Athenian
a1104238-7707-4ee8-af56-c75c9c4ad2c9;book3_thucydides_utf8.txt;Lysicles;char-offset:19741;PERSON;origin:Athens|pleiades:579885|side:Athenian
12aee37c-74fa-4d34-9e4a-2ca974040f8c;book3_thucydides_utf8.txt;Lysicles;char-offset:19853;PERSON;origin:Athens|pleiades:579885|side:Athenian
f5025fae-8f52-4e76-b245-65fcfb87f937;book3_thucydides_utf8.txt;Carians;char-offset:19993;PERSON;group|origin:Caria|pleiades:991381|side:Sparthan
c946fd64-2a15-4e4f-998c-7034dbc9a004;book3_thucydides_utf8.txt;the people of Anaia;char-offset:20005;PERSON;group|origin:Anaia|pleiades:599490|side:Sparthan
547d3f9d-292a-425a-8ecc-68830d64f50b;book3_thucydides_utf8.txt;Plataeans;char-offset:20087;PERSON;group|origin:Platea|pleiades:541063|side:Athenian
8f3173b7-4b1a-4a42-b409-e7d356c2e170;book3_thucydides_utf8.txt;Peloponnesians;char-offset:20135;PERSON;group|origin:Sparta|pleiades:570685|side:Sparthan
157ae8c8-c60b-44db-a222-4d1ed9666028;book3_thucydides_utf8.txt;Boeotians;char-offset:20154;PERSON;group|origin:Boetia|pleiades:540689|side:Sparthan
f0923186-d336-4ba6-89e7-c4f9279622dc;book3_thucydides_utf8.txt;Athenians;char-offset:20310;PERSON;group|origin:Athens|pleiades:579885|side:Athenian
373a1525-4653-4bcd-99c8-6863f1561840;book3_thucydides_utf8.txt;Theaenetus;char-offset:20448;PERSON;origin:Athens|pleiades:579885|side:Athenian
663737e4-aebd-487f-b816-78b4c086385e;book3_thucydides_utf8.txt;Tolmides;char-offset:20467;PERSON;origin:Athens|pleiades:579885|side:Athenian
913a2b61-dde9-40fb-bae2-d85ca57331d3;book3_thucydides_utf8.txt;Eupompides;char-offset:20495;PERSON;origin:Athens|pleiades:579885|side:Athenian
b53c9a84-2806-4cd4-a5e8-ea7fd6a02cda;book3_thucydides_utf8.txt;Daimachus;char-offset:20514;PERSON;origin:Athens|pleiades:579885|side:Athenian
0d56b1df-ed57-4985-ab17-e0452476addf;book3_thucydides_utf8.txt;Peloponnesians;char-offset:21310;PERSON;group|origin:Sparta|pleiades:570685|side:Sparthan
4006212f-1ab6-4bbb-9578-c0f146fe0889;book3_thucydides_utf8.txt;Plataeans;char-offset:21418;PERSON;group|origin:Platea|pleiades:541063|side:Athenian
95f8a817-34f8-4986-86a4-1c5f8ce5766a;book3_thucydides_utf8.txt;Plataeans;char-offset:22146;PERSON;group|origin:Platea|pleiades:541063|side:Athenian
337ca407-1bc2-453a-a9ef-9a6587793e56;book3_thucydides_utf8.txt;Ammias;char-offset:23064;PERSON;origin:Athens|pleiades:579885|side:Athenian
33b0ccba-af68-4fdb-ac7f-5daf6f3fbdbc;book3_thucydides_utf8.txt;Coroebus;char-offset:23079;PERSON;origin:Athens|pleiades:579885|side:Athenian
e2da59b8-ed5e-4305-a88d-bc5e358fe8bd;book3_thucydides_utf8.txt;Plataeans;char-offset:23572;PERSON;group|origin:Platea|pleiades:541063|side:Athenian
90998d82-40c9-4c4b-9975-307fc7c37a01;book3_thucydides_utf8.txt;Plataeans;char-offset:23780;PERSON;group|origin:Platea|pleiades:541063|side:Athenian
80bbbc66-7fb9-43f2-bbb4-32196ed72a86;book3_thucydides_utf8.txt;Peloponnesians;char-offset:23874;PERSON;group|origin:Sparta|pleiades:570685|side:Sparthan
a3e7e074-4b0e-4646-a4ec-dd2b4d4232a6;book3_thucydides_utf8.txt;Plataeans;char-offset:24374;PERSON;group|origin:Platea|pleiades:541063|side:Athenian
270c2f66-4c7a-41d7-a58f-d12aed841ffa;book3_thucydides_utf8.txt;Plataeans;char-offset:25604;PERSON;group|origin:Platea|pleiades:541063|side:Athenian
ea4c79fc-6fbb-41f2-b0c9-308210203af2;book3_thucydides_utf8.txt;Plataeans;char-offset:26382;PERSON;group|origin:Platea|pleiades:541063|side:Athenian
b9adb004-300f-4b0a-abd9-b41cc65d5d1a;book3_thucydides_utf8.txt;Peloponnesians;char-offset:26546;PERSON;group|origin:Sparta|pleiades:570685|side:Sparthan
de15961c-c50d-4df6-923f-5642f0597a41;book3_thucydides_utf8.txt;Plataeans;char-offset:26839;PERSON;group|origin:Platea|pleiades:541063|side:Athenian
417d1463-a3fc-4a88-a24f-f02f148f7340;book3_thucydides_utf8.txt;Peloponnesians;char-offset:27180;PERSON;group|origin:Sparta|pleiades:570685|side:Sparthan
f5a9e1a1-ebda-46b2-af33-9baf4429ccfc;book3_thucydides_utf8.txt;Plataeans;char-offset:27252;PERSON;group|origin:Platea|pleiades:541063|side:Athenian
fbdeb5d2-42cc-4daa-96cf-063edfade42e;book3_thucydides_utf8.txt;Plataean party;char-offset:27529;PERSON;group|origin:Platea|pleiades:541063|side:Athenian
523535de-e769-4525-9b4e-1ac651434211;book3_thucydides_utf8.txt;Salaethus;char-offset:27611;PERSON;origin:Sparta|pleiades:570685|side:Sparthan
37344f42-1f60-4908-ab9e-43b3bf8e3dd8;book3_thucydides_utf8.txt;Mitylenians;char-offset:28081;PERSON;origin:Mytilene|group|pleiades:550763|side:Sparthan
f121d5ba-df46-4bf0-abef-1b366b198ccc;book3_thucydides_utf8.txt;Thucydides;char-offset:28254;PERSON;origin:Athens|pleiades:579885|side:Athenian
17a04254-0b2c-4f44-94fd-8deeff56f479;book3_thucydides_utf8.txt;Peloponnesians;char-offset:28308;PERSON;group|origin:Sparta|pleiades:570685|side:Sparthan
8ff4a9f1-811f-4ae3-aaf0-8a9ebf6ac9b1;book3_thucydides_utf8.txt;Alcidas;char-offset:28372;PERSON;side:Sparthan|origin:Sparta|pleiades:570685
cfd6a1ce-5d42-44d9-8957-73ef885fcbf0;book3_thucydides_utf8.txt;Athenians;char-offset:28484;PERSON;group|origin:Athens|pleiades:579885|side:Athenian
bcc1690c-3c27-4251-b71d-7473a48f8779;book3_thucydides_utf8.txt;Cleomenes;char-offset:28640;PERSON;origin:Sparta|pleiades:570685|side:Sparthan
ef0c4ea9-dc23-4609-817d-ef2b4d9b5d4b;book3_thucydides_utf8.txt;Pausanias;char-offset:28672;PERSON;origin:Sparta|pleiades:570685|side:Sparthan
aef7f972-7dc9-434a-be17-127038487d3e;book3_thucydides_utf8.txt;Pleistoanax;char-offset:28690;PERSON;origin:Sparta|pleiades:570685|side:Sparthan
a33c9b07-f7a7-45cd-b0bf-c6b3c6889013;book3_thucydides_utf8.txt;Athenians;char-offset:28983;PERSON;group|origin:Athens|pleiades:579885|side:Athenian
7438a381-4036-4d31-9852-4a0a76d74705;book3_thucydides_utf8.txt;Mitylenians;char-offset:29414;PERSON;origin:Mytilene|group|pleiades:550763|side:Sparthan
88554e9f-6cd7-447a-80a1-2c53a8180b51;book3_thucydides_utf8.txt;Athenians;char-offset:29594;PERSON;group|origin:Athens|pleiades:579885|side:Athenian
93615e2a-becc-410b-9642-3412586ab544;book3_thucydides_utf8.txt;Salaethus;char-offset:29633;PERSON;origin:Sparta|pleiades:570685|side:Sparthan
3f74f8ea-a897-487c-9a7f-fae6e4aff548;book3_thucydides_utf8.txt;Athenians;char-offset:29824;PERSON;group|origin:Athens|pleiades:579885|side:Athenian
2029cf95-18f6-43b1-98b1-1154c7ba24a0;book3_thucydides_utf8.txt;Athenians;char-offset:30131;PERSON;group|origin:Athens|pleiades:579885|side:Athenian
22a94ae8-b636-4c2a-9c13-1ee9f5343663;book3_thucydides_utf8.txt;Paches;char-offset:30318;PERSON;origin:Athens|pleiades:579885|side:Athenian
b70fd81d-34c0-4818-81b7-56a59b438f57;book3_thucydides_utf8.txt;Mitylenians;char-offset:30444;PERSON;origin:Mytilene|group|pleiades:550763|side:Sparthan
2712866d-3ae0-4878-b3a4-def80ce6bc1c;book3_thucydides_utf8.txt;Paches;char-offset:30534;PERSON;origin:Athens|pleiades:579885|side:Athenian
bb6c7790-a485-4582-ae27-5a1632864db7;book3_thucydides_utf8.txt;Paches;char-offset:30895;PERSON;origin:Athens|pleiades:579885|side:Athenian
71bd5a10-90b7-4bc9-b28e-cc86a17b1b05;book3_thucydides_utf8.txt;Athenians;char-offset:31020;PERSON;group|origin:Athens|pleiades:579885|side:Athenian
8dc923ba-bf4d-4590-8b0a-1e34659484b7;book3_thucydides_utf8.txt;Paches;char-offset:31052;PERSON;origin:Athens|pleiades:579885|side:Athenian
f73030b6-3ec0-4dc9-a0ca-37ad3be583ff;book3_thucydides_utf8.txt;Peloponnesians;char-offset:31185;PERSON;group|origin:Sparta|pleiades:570685|side:Sparthan
2373125e-f2d5-4c53-82df-2f202fc26ed5;book3_thucydides_utf8.txt;Athenians;char-offset:31420;PERSON;group|origin:Athens|pleiades:579885|side:Athenian
c85b7404-765a-42d1-80c6-c3caac3f6a6b;book3_thucydides_utf8.txt;Teutiaplus;char-offset:31730;PERSON;origin:Elis|pleiades:570221|side:Sparthan
aa565412-db2c-43e6-a738-5e76906d6a88;book3_thucydides_utf8.txt;Alcidas;char-offset:31785;PERSON;side:Sparthan|origin:Sparta|pleiades:570685
42ab27d1-5826-4957-a7dc-13ecb990cef8;book3_thucydides_utf8.txt;Peloponnesians;char-offset:31797;PERSON;group|origin:Sparta|pleiades:570685|side:Sparthan
de34dd08-1f94-4c69-8c65-5a22178d3b9d;book3_thucydides_utf8.txt;Athenians;char-offset:31969;PERSON;group|origin:Athens|pleiades:579885|side:Athenian
3481dbb9-895c-4cc5-8a25-8711461ba475;book3_thucydides_utf8.txt;Teutiaplus;char-offset:32824;PERSON;origin:Elis|pleiades:570221|side:Sparthan
307d6d0e-4eaf-4e6b-91f4-28d6cc013d5f;book3_thucydides_utf8.txt;Alcidas;char-offset:32851;PERSON;side:Sparthan|origin:Sparta|pleiades:570685
1becb05d-922e-4c6a-b875-afed32aeb1d0;book3_thucydides_utf8.txt;Lesbians;char-offset:32894;PERSON;group|origin:Lesbos|pleiades:550696|side:Sparthan
b4990a0b-9413-4128-a858-b729a7c839f9;book3_thucydides_utf8.txt;Pissuthnes;char-offset:33369;PERSON;origin:Lydia|pleiades:550701|side:Sparthan
b632f242-bf0d-4e25-b27b-132fbcdc975c;book3_thucydides_utf8.txt;Alcidas;char-offset:33418;PERSON;side:Sparthan|origin:Sparta|pleiades:570685
e1415fc1-61ef-4a48-8d98-91564cf79d62;book3_thucydides_utf8.txt;Samians;char-offset:33841;PERSON;group|origin:Samia|pleiades:570653|side:Athenian
bf8f595c-fa9a-4062-9c8e-00a50b7ea233;book3_thucydides_utf8.txt;Alcidas;char-offset:34160;PERSON;side:Sparthan|origin:Sparta|pleiades:570685
4047ab1c-9bcd-4f66-a8d7-f2f44e4ea689;book3_thucydides_utf8.txt;Chians;char-offset:34203;PERSON;group|origin:Chios|pleiades:550496|side:Athenian
a5543b2f-68b1-4422-b7af-bb2189f63c70;book3_thucydides_utf8.txt;Athenians;char-offset:34432;PERSON;group|origin:Athens|pleiades:579885|side:Athenian
90be22a9-1398-485c-a7a1-cba96a8ba264;book3_thucydides_utf8.txt;Peloponnesian ships;char-offset:34460;PERSON;group|origin:Sparta|pleiades:570685|side:Sparthan
59605c49-ffd1-4dea-92dd-b1268a3b3557;book3_thucydides_utf8.txt;Alcidas;char-offset:34526;PERSON;origin:Sparta|pleiades:570685|side:Sparthan
f36bb270-88e7-4e02-9b27-5a2906e92e56;book3_thucydides_utf8.txt;Salaminian;char-offset:34586;PERSON;group|origin:Salaminiae|pleiades:711267|side:Athenian
60870038-9dbf-4027-b5df-87ca7e356f9e;book3_thucydides_utf8.txt;Paralian galleys;char-offset:34601;PERSON;group|origin:Paralia|pleiades:580058|side:Athenian
7083d1b7-1554-4541-bb3b-23506a9785d8;book3_thucydides_utf8.txt;Paches;char-offset:34873;PERSON;origin:Athens|pleiades:579885|side:Athenian
aba8cfb8-9c12-48b2-889f-0b5629cc1f4b;book3_thucydides_utf8.txt;Peloponnesians;char-offset:34987;PERSON;group|origin:Sparta|pleiades:570685|side:Sparthan
3631d1c0-b111-48bd-b2d7-debd5d79447e;book3_thucydides_utf8.txt;Paralian;char-offset:35127;PERSON;group|origin:Paralia|pleiades:580058|side:Athenian
7317a49c-5c9b-45a7-a0f7-fdd604dd0162;book3_thucydides_utf8.txt;Salaminian;char-offset:35140;PERSON;group|origin:Salaminiae|pleiades:711267|side:Athenian
b65e4812-ca5d-4991-bda8-f4f1049e6047;book3_thucydides_utf8.txt;Paches;char-offset:35228;PERSON;origin:Athens|pleiades:579885|side:Athenian
b6e46708-7e77-4a8d-8c4a-6d1f8e54fc2e;book3_thucydides_utf8.txt;Alcidas;char-offset:35341;PERSON;side:Sparthan|origin:Sparta|pleiades:570685
1942b40c-7e1f-464b-a317-cad2a85e6ac7;book3_thucydides_utf8.txt;Colophonians;char-offset:35721;PERSON;group|origin:Colophon|pleiades:599577|side:Athenian
4033b9c8-d5b2-4dfc-9aa6-d5d44090f6cd;book3_thucydides_utf8.txt;Itamenes;char-offset:35785;PERSON;origin:Lydia|pleiades:550701|side:Sparthan
6eb844ce-eafe-4f89-8a54-58fa31ac1195;book3_thucydides_utf8.txt;barbarians;char-offset:35802;PERSON;group|origin:Lydia|pleiades:550701|side:Sparthan
f46bca58-ee29-41fc-bcde-7c5ac9927dfc;book3_thucydides_utf8.txt;Arcadian;char-offset:36084;PERSON;group|origin:Arcadia|pleiades:570102|side:Sparthan
28e0a07c-38ab-49a2-90ee-cd643908e8c1;book3_thucydides_utf8.txt;barbarian mercenaries;char-offset:36097;PERSON;group|origin:Lydia|pleiades:550701|side:Sparthan
b8ec07be-1a85-4d12-a30a-5313a2eefc92;book3_thucydides_utf8.txt;Pissuthnes;char-offset:36124;PERSON;origin:Lydia|pleiades:550701|side:Sparthan
407aca5b-db7b-45a0-8f29-07090e325e3b;book3_thucydides_utf8.txt;Colophonians;char-offset:36230;PERSON;group|origin:Colophon|pleiades:599577|side:Athenian
93aff4f8-3343-45c3-9225-d7faf3109846;book3_thucydides_utf8.txt;Paches;char-offset:36338;PERSON;origin:Athens|pleiades:579885|side:Athenian
5d7e31fe-b75b-4d36-b4c6-0f94fccfa4e7;book3_thucydides_utf8.txt;Hippias;char-offset:36362;PERSON;origin:Arcadia|pleiades:570102|side:Sparthan
300e2d9a-2f7d-47f3-b8aa-0c0d3cf7e36d;book3_thucydides_utf8.txt;Arcadians;char-offset:36392;PERSON;group|origin:Arcadia|pleiades:570102|side:Sparthan
148c282d-8e03-4931-91c0-3dccd38976bf;book3_thucydides_utf8.txt;Arcadians;char-offset:36708;PERSON;group|origin:Arcadia|pleiades:570102|side:Sparthan
28d62fdf-f8e6-4e3d-9c65-088dec41bb34;book3_thucydides_utf8.txt;barbarians;char-offset:36726;PERSON;group|origin:Lydia|pleiades:550701|side:Sparthan
4484033d-537d-4ad9-be40-a2c678f70088;book3_thucydides_utf8.txt;Hippias;char-offset:36779;PERSON;origin:Arcadia|pleiades:570102|side:Sparthan
544ec2d0-5206-4b44-bd40-5793fadc3dc8;book3_thucydides_utf8.txt;Paches;char-offset:36880;PERSON;origin:Athens|pleiades:579885|side:Athenian
3b281e56-09a6-41ba-93b1-1cc83fbad8ee;book3_thucydides_utf8.txt;Colophonians;char-offset:36914;PERSON;group|origin:Colophon|pleiades:599577|side:Athenian
a5cf3e76-56b8-4fdf-87a1-73c60387c337;book3_thucydides_utf8.txt;Colophonians;char-offset:37080;PERSON;group|origin:Colophon|pleiades:599577|side:Athenian
0af581df-2d3c-463c-a436-d0ea93005b89;book3_thucydides_utf8.txt;Paches;char-offset:37146;PERSON;origin:Athens|pleiades:579885|side:Athenian
4f1b2487-9bc7-4c48-bd10-679f6ac9836e;book3_thucydides_utf8.txt;Salaethus;char-offset:37211;PERSON;origin:Sparta|pleiades:570685|side:Sparthan
f5bcc57e-451f-4aaa-b5cd-b30be940dd57;book3_thucydides_utf8.txt;Mitylenians;char-offset:37287;PERSON;origin:Mytilene|group|pleiades:550763|side:Sparthan
103e60d8-40d1-4994-8078-5202d754b576;book3_thucydides_utf8.txt;Salaethus;char-offset:37576;PERSON;origin:Sparta|pleiades:570685|side:Sparthan
93d9c343-f857-4aff-a69c-a30a7a00fe9b;book3_thucydides_utf8.txt;Athenians;char-offset:37591;PERSON;group|origin:Athens|pleiades:579885|side:Athenian
d057c765-dd28-484b-a33a-b70c6e906de4;book3_thucydides_utf8.txt;Peloponnesians;char-offset:37708;PERSON;group|origin:Sparta|pleiades:570685|side:Sparthan
15b6e63f-37c0-4dd6-9702-0f5401d10440;book3_thucydides_utf8.txt;Athenians;char-offset:38160;PERSON;group|origin:Athens|pleiades:579885|side:Athenian
fbd602bd-c42e-4acd-ad54-a18d3521b4a2;book3_thucydides_utf8.txt;Paches;char-offset:38380;PERSON;origin:Athens|pleiades:579885|side:Athenian
8ef0b75c-97ef-4887-b676-6672b3b7742d;book3_thucydides_utf8.txt;Mitylenians;char-offset:38438;PERSON;origin:Mytilene|group|pleiades:550763|side:Sparthan
a7d69479-3dcc-4abd-adbf-bdfa2f3173b8;book3_thucydides_utf8.txt;Cleon;char-offset:39062;PERSON;origin:Athens|pleiades:579885|side:Athenian
9f7928fb-f494-4d82-835e-ea42bd9df1b3;book3_thucydides_utf8.txt;Cleaenetus;char-offset:39076;PERSON;origin:Athens|pleiades:579885|side:Athenian
024b129b-307b-4f83-9102-1abf20ad4df3;book3_thucydides_utf8.txt;Mitylenians;char-offset:39146;PERSON;origin:Mytilene|group|pleiades:550763|side:Sparthan
06da76db-3858-408a-83b4-bfdcdeb9bcba;book3_thucydides_utf8.txt;Mitylenians;char-offset:41216;PERSON;origin:Mytilene|group|pleiades:550763|side:Sparthan
7a01c872-c453-4b0d-ae2e-f570cb211d55;book3_thucydides_utf8.txt;Mitylenians;char-offset:41610;PERSON;origin:Mytilene|group|pleiades:550763|side:Sparthan
ae7abf61-7a9a-432e-835a-483ba6d411f7;book3_thucydides_utf8.txt;Mitylenians;char-offset:44559;PERSON;group|pleiades:550763|side:Sparthan|origin:Mytilene
64c700a9-3661-4b2f-9ddf-95f39c772bcb;book3_thucydides_utf8.txt;Mitylenians;char-offset:46013;PERSON;group|pleiades:550763|side:Sparthan|origin:Mytilene
c19a97c2-9734-4d2b-bff4-df9183afb214;book3_thucydides_utf8.txt;Mitylenians;char-offset:46973;PERSON;group|pleiades:550763|side:Sparthan|origin:Mytilene
fddd7753-0b19-42a7-ba1d-5c55e6adf407;book3_thucydides_utf8.txt;Mitylenians;char-offset:47282;PERSON;group|pleiades:550763|side:Sparthan|origin:Mytilene
2ecf140d-4ca0-41d6-b9d3-ceee2ab379f5;book3_thucydides_utf8.txt;Cleon;char-offset:48537;PERSON;origin:Athens|pleiades:579885|side:Athenian
26b5b581-dc01-4a30-84c2-96cb53af2640;book3_thucydides_utf8.txt;Diodotus;char-offset:48554;PERSON;origin:Athens|pleiades:579885|side:Athenian
7ba9a0df-3428-4bb2-9e52-86421d4a9408;book3_thucydides_utf8.txt;Eucrates;char-offset:48571;PERSON;origin:Athens|pleiades:579885|side:Athenian
283e4fe7-f7e7-45c1-af2c-4173d09c1eda;book3_thucydides_utf8.txt;Mitylenians;char-offset:48660;PERSON;group|pleiades:550763|side:Sparthan|origin:Mytilene
0b6fc665-788f-4529-baf2-8e05049baf5d;book3_thucydides_utf8.txt;Mitylenians;char-offset:48784;PERSON;group|pleiades:550763|side:Sparthan|origin:Mytilene
91367bb3-f339-402e-9f3d-befaa79fd22d;book3_thucydides_utf8.txt;Cleon;char-offset:52399;PERSON;origin:Athens|pleiades:579885|side:Athenian
40cb8e1f-7125-4eb3-84b2-69b18b7fafa3;book3_thucydides_utf8.txt;Mitylenians;char-offset:52909;PERSON;group|pleiades:550763|side:Sparthan|origin:Mytilene
cdc24a82-b975-4812-a523-7ea6156f2de0;book3_thucydides_utf8.txt;Cleon;char-offset:56802;PERSON;origin:Athens|pleiades:579885|side:Athenian
aa027492-8464-45db-be53-de2390e87577;book3_thucydides_utf8.txt;Cleon;char-offset:57940;PERSON;origin:Athens|pleiades:579885|side:Athenian
b50aa0d7-831d-4f1b-b9b2-e67dba8558cd;book3_thucydides_utf8.txt;Cleon;char-offset:58259;PERSON;origin:Athens|pleiades:579885|side:Athenian
2e465ad7-3356-47a4-b526-88cbe9450379;book3_thucydides_utf8.txt;Mitylenians;char-offset:58384;PERSON;group|pleiades:550763|side:Sparthan|origin:Mytilene
efebe8a4-ff2d-4078-bce4-a00557556ba6;book3_thucydides_utf8.txt;Paches;char-offset:58401;PERSON;origin:Athens|pleiades:579885|side:Athenian
02145105-7715-4858-8415-a1781949e463;book3_thucydides_utf8.txt;Diodotus;char-offset:58683;PERSON;origin:Athens|pleiades:579885|side:Athenian
3b846a54-554e-4956-8653-2ba19a88007a;book3_thucydides_utf8.txt;Athenians;char-offset:58791;PERSON;group|origin:Athens|pleiades:579885|side:Athenian
8152eea0-29ee-4e8c-8e50-d75cf6b6e3fd;book3_thucydides_utf8.txt;Diodotus;char-offset:58940;PERSON;origin:Athens|pleiades:579885|side:Athenian
d8b55210-b7cb-42f5-9b3f-bba3240b4eaf;book3_thucydides_utf8.txt;Paches;char-offset:59705;PERSON;origin:Athens|pleiades:579885|side:Athenian
77626a29-0901-4d70-b0ff-152571e43d19;book3_thucydides_utf8.txt;Paches;char-offset:59924;PERSON;origin:Athens|pleiades:579885|side:Athenian
62899bf9-3c1a-4e18-a632-ae5af7dccdce;book3_thucydides_utf8.txt;Cleon;char-offset:59992;PERSON;origin:Athens|pleiades:579885|side:Athenian
d25625b1-896a-42d3-88e6-c35905e97fb1;book3_thucydides_utf8.txt;Athenians;char-offset:60027;PERSON;group|origin:Athens|pleiades:579885|side:Athenian
57a0b952-05b6-4e66-a6e8-ac857dac6721;book3_thucydides_utf8.txt;Athenians;char-offset:60088;PERSON;group|origin:Athens|pleiades:579885|side:Athenian
a21537a9-6127-476d-9d5a-d3870d38bca1;book3_thucydides_utf8.txt;Mitylenians;char-offset:60131;PERSON;group|pleiades:550763|side:Sparthan|origin:Mytilene
d59f03dd-8e22-4380-aaa8-3db6bc40795a;book3_thucydides_utf8.txt;Lesbians;char-offset:60228;PERSON;group|origin:Lesbos|pleiades:550696|side:Sparthan
046c0753-2f03-404c-9ad5-c2335494b5e3;book3_thucydides_utf8.txt;Lesbians;char-offset:60498;PERSON;group|origin:Lesbos|pleiades:550696|side:Sparthan
fa8165b8-0415-4f1f-856e-d5269d555ee0;book3_thucydides_utf8.txt;Athenians;char-offset:60612;PERSON;group|origin:Athens|pleiades:579885|side:Athenian
7e8b9308-d61d-4526-9296-b8cc36f2b141;book3_thucydides_utf8.txt;Mitylenians;char-offset:60690;PERSON;origin:Mytilene|group|pleiades:550763|side:Sparthan
6ccd2ec7-6ac5-437e-ac52-1f699c3d6648;book3_thucydides_utf8.txt;Athenians;char-offset:60866;PERSON;group|origin:Athens|pleiades:579885|side:Athenian
01df60f1-7ea9-4db1-8ae6-8d61b1ce0e67;book3_thucydides_utf8.txt;Nicias;char-offset:60882;PERSON;origin:Athens|pleiades:579885|side:Athenian
eda5b335-70b1-4b10-b4e0-0a835d985297;book3_thucydides_utf8.txt;Niceratus;char-offset:60897;PERSON;origin:Athens|pleiades:579885|side:Athenian
1769c7c8-586a-46cb-9a03-e68340dbb5a9;book3_thucydides_utf8.txt;Megarians;char-offset:61018;PERSON;group|origin:Megara|pleiades:570468|side:Sparthan
e2118f90-fabb-4b58-a729-c120dbf94b1c;book3_thucydides_utf8.txt;Nicias;char-offset:61064;PERSON;origin:Athens|pleiades:579885|side:Athenian
296cd208-a835-4e48-a1ee-1074f0f423f6;book3_thucydides_utf8.txt;Athenians;char-offset:61092;PERSON;group|origin:Athens|pleiades:579885|side:Athenian
33b369aa-3ffb-4810-9e3c-f8f58304a041;book3_thucydides_utf8.txt;Peloponnesian triremes and privateers;char-offset:61203;PERSON;group|origin:Sparta|pleiades:570685|side:Sparthan
4285346c-39d2-4236-9a22-84cce0ff0e41;book3_thucydides_utf8.txt;Plataean;char-offset:61972;PERSON;group|origin:Platea|pleiades:541063|side:Athenian
478c2acc-1e13-4370-8c69-06a9b803ac0d;book3_thucydides_utf8.txt;Peloponnesians;char-offset:62063;PERSON;group|origin:Sparta|pleiades:570685|side:Sparthan
f6f7582d-0899-4c55-ac70-b41607a5e5c3;book3_thucydides_utf8.txt;Plataeans;char-offset:62157;PERSON;group|origin:Platea|pleiades:541063|side:Athenian
f608917c-e3c5-4c37-930a-0b3dc4cfcf2a;book3_thucydides_utf8.txt;Lacedaemonians,;char-offset:62690;PERSON;group|origin:Sparta|pleiades:570685|side:Sparthan
8443f561-150b-4f2d-84f0-d2cdf9f4bebc;book3_thucydides_utf8.txt;Plataeans;char-offset:62838;PERSON;group|origin:Platea|pleiades:541063|side:Athenian
9e0b273d-f90b-4dc8-8354-38b3bcc44eef;book3_thucydides_utf8.txt;Peloponnesians;char-offset:62975;PERSON;group|origin:Sparta|pleiades:570685|side:Sparthan
f4721392-6f69-409d-b984-6d23147e9376;book3_thucydides_utf8.txt;Plataeans;char-offset:63155;PERSON;group|origin:Platea|pleiades:541063|side:Athenian
d7e61d8a-a48e-4c6b-9f94-12fa9f727b8a;book3_thucydides_utf8.txt;Lacedaemonians;char-offset:63207;PERSON;group|origin:Sparta|pleiades:570685|side:Sparthan
316a27b2-d336-4094-9faa-a5338db41921;book3_thucydides_utf8.txt;Plataeans;char-offset:63277;PERSON;group|origin:Platea|pleiades:541063|side:Athenian
a80d3299-5f8e-46c0-aa20-4dfe67be6d69;book3_thucydides_utf8.txt;Astymachus;char-offset:63379;PERSON;origin:Platea|pleiades:541063|side:Athenian
1fc2de0f-7ed7-4da3-a196-4fcf8dbfe973;book3_thucydides_utf8.txt;Asopolaus;char-offset:63398;PERSON;pleiades:541063|origin:Platea|side:Athenian
171a13bc-9871-4317-9848-4cded88137f6;book3_thucydides_utf8.txt;Lacon;char-offset:63413;PERSON;origin:Platea|pleiades:541063|side:Athenian
38efe8cf-2ebb-4249-885f-46540c5ff8d1;book3_thucydides_utf8.txt;Aeimnestus;char-offset:63427;PERSON;origin:Platea|pleiades:541063|side:Athenian
09bac1b1-9ce5-43a9-a71c-99833a6240c7;book3_thucydides_utf8.txt;Proxenus;char-offset:63439;PERSON;origin:Locri|pleiades:452369|side:Sparthan
949d1fe0-1d76-4f62-9948-936ea712aec0;book3_thucydides_utf8.txt;Lacedaemonians,;char-offset:63455;PERSON;group|origin:Sparta|pleiades:570685|side:Sparthan
806c1e27-bd8e-4dd4-9507-3ef041db9b1d;book3_thucydides_utf8.txt;Lacedaemonians;char-offset:63516;PERSON;group|origin:Sparta|pleiades:570685|side:Sparthan
f3de6fe0-b2ed-42ec-949b-d2aeeab0f631;book3_thucydides_utf8.txt;Thebans;char-offset:65210;PERSON;group|origin:Thebe|pleiades:541138|side:Sparthan
46b31d2f-3faa-4daa-83fd-5738bbee66ab;book3_thucydides_utf8.txt;Lacedaemonians;char-offset:65424;PERSON;group|origin:Sparta|pleiades:570685|side:Sparthan
96559fe7-b83b-4bf6-b368-2b9ff6587dd3;book3_thucydides_utf8.txt;Boeotians;char-offset:65772;PERSON;group|origin:Boetia|pleiades:540689|side:Sparthan
9d2e3fad-6254-4dc9-a501-49d65278db00;book3_thucydides_utf8.txt;Pausanias;char-offset:66014;PERSON;origin:Sparta|pleiades:570685|side:Sparthan
43ee420a-5de9-4751-baa8-c6e6af62684b;book3_thucydides_utf8.txt;Lacedaemonians,;char-offset:66153;PERSON;group|origin:Sparta|pleiades:570685|side:Sparthan
67644d37-c68e-444a-99d6-fe64c172b3dc;book3_thucydides_utf8.txt;Theban oppressors;char-offset:66554;PERSON;group|origin:Thebe|pleiades:541138|side:Sparthan
84fbb558-8933-4af2-b72b-8e82efdaf1f2;book3_thucydides_utf8.txt;Athenians;char-offset:66625;PERSON;group|origin:Athens|pleiades:579885|side:Athenian
5ab9d68d-7e48-404a-acd7-cb1ad31e5263;book3_thucydides_utf8.txt;Athenians;char-offset:66817;PERSON;group|origin:Athens|pleiades:579885|side:Athenian
f39a1f31-107a-4d7b-b389-d4113911d39e;book3_thucydides_utf8.txt;Thebans;char-offset:66894;PERSON;group|origin:Thebe|pleiades:541138|side:Sparthan
d6e0c796-2ca5-4fc6-80d7-813bcd893a2f;book3_thucydides_utf8.txt;Thebans;char-offset:67355;PERSON;group|origin:Thebe|pleiades:541138|side:Sparthan
ba458266-44dd-461f-b92d-215ebe9b8c21;book3_thucydides_utf8.txt;Thebans;char-offset:68239;PERSON;group|origin:Thebe|pleiades:541138|side:Sparthan
ebbdba90-2f22-4545-88e3-78de847b17ef;book3_thucydides_utf8.txt;Lacedaemonians;char-offset:69682;PERSON;group|origin:Sparta|pleiades:570685|side:Sparthan
ed6580f4-185f-4964-b0a1-97075ec74dff;book3_thucydides_utf8.txt;Thebans;char-offset:69879;PERSON;group|origin:Thebe|pleiades:541138|side:Sparthan
8832d3d3-7442-46b4-a7b0-d914308e370a;book3_thucydides_utf8.txt;Thebans;char-offset:69987;PERSON;group|origin:Thebe|pleiades:541138|side:Sparthan
8d336895-d3cf-4303-a83d-7b25fb11d686;book3_thucydides_utf8.txt;Plataeans;char-offset:70224;PERSON;group|origin:Platea|pleiades:541063|side:Athenian
b3fa941c-47fa-45d7-8aa5-f1ff1227561e;book3_thucydides_utf8.txt;Thebans;char-offset:70636;PERSON;group|origin:Thebe|pleiades:541138|side:Sparthan
eadf18f2-69a8-48cf-a72b-7627dbd1f14d;book3_thucydides_utf8.txt;Pausanias;char-offset:71739;PERSON;origin:Sparta|pleiades:570685|side:Sparthan
447b5d42-31df-43ec-8a69-65e4b21bc405;book3_thucydides_utf8.txt;Plataean;char-offset:71877;PERSON;group|origin:Platea|pleiades:541063|side:Athenian
bba0a938-2b58-4ea6-aaa3-a5fe73aa2aeb;book3_thucydides_utf8.txt;Lacedaemonians,;char-offset:72322;PERSON;group|origin:Sparta|pleiades:570685|side:Sparthan
a1b19163-8592-4d16-8bb2-08efc633c270;book3_thucydides_utf8.txt;Thebans;char-offset:73210;PERSON;group|origin:Thebe|pleiades:541138|side:Sparthan
9a4ed651-872f-4bca-8f1a-af397f963199;book3_thucydides_utf8.txt;Thebans;char-offset:73699;PERSON;group|origin:Thebe|pleiades:541138|side:Sparthan
eca43447-50bd-42eb-8879-854042bdf1cf;book3_thucydides_utf8.txt;Lacedaemonians,;char-offset:74005;PERSON;group|origin:Sparta|pleiades:570685|side:Sparthan
245be090-95b6-421f-a531-3838ee1fdd79;book3_thucydides_utf8.txt;Plataeans;char-offset:74050;PERSON;group|origin:Platea|pleiades:541063|side:Athenian
7dd4241b-083e-4f6b-820e-c6fe7679883c;book3_thucydides_utf8.txt;Lacedaemonians;char-offset:74305;PERSON;group|origin:Sparta|pleiades:570685|side:Sparthan
aa0953c4-fba4-4fb6-a9d0-7927092cca24;book3_thucydides_utf8.txt;Plataeans;char-offset:74430;PERSON;group|origin:Platea|pleiades:541063|side:Athenian
b49f4f2e-cd71-4f00-9acd-bc4572d819fe;book3_thucydides_utf8.txt;Thebans;char-offset:74584;PERSON;group|origin:Thebe|pleiades:541138|side:Sparthan
962cf27a-7175-43cd-abaf-44cee3500cfb;book3_thucydides_utf8.txt;Plataeans;char-offset:74670;PERSON;group|origin:Platea|pleiades:541063|side:Athenian
81b2a005-5b02-4d7e-9ad9-6c188d27d293;book3_thucydides_utf8.txt;Plataeans;char-offset:75384;PERSON;group|origin:Platea|pleiades:541063|side:Athenian
af840c60-458d-45cf-8dfe-5a8697a8494b;book3_thucydides_utf8.txt;Athenians;char-offset:75617;PERSON;group|origin:Athens|pleiades:579885|side:Athenian
bda514d8-ef60-4987-b016-1d12599ba1c9;book3_thucydides_utf8.txt;Boeotians;char-offset:75763;PERSON;group|origin:Boetia|pleiades:540689|side:Sparthan
58ebe3fe-ddda-4926-9c62-0f304a0c23fc;book3_thucydides_utf8.txt;Athenians;char-offset:75913;PERSON;group|origin:Athens|pleiades:579885|side:Athenian
2b1053c6-fc63-4121-94b1-409ab9f117df;book3_thucydides_utf8.txt;Athenians;char-offset:75973;PERSON;group|origin:Athens|pleiades:579885|side:Athenian
65a1cdf6-8e52-44f5-9aab-3fa28572bb47;book3_thucydides_utf8.txt;Plataeans;char-offset:76015;PERSON;group|origin:Platea|pleiades:541063|side:Athenian
ff56a4a1-567b-41e8-a52b-d2239a63a74b;book3_thucydides_utf8.txt;Boeotians;char-offset:76046;PERSON;group|origin:Boetia|pleiades:540689|side:Sparthan
f775632c-72de-4562-9c41-ae7d31228110;book3_thucydides_utf8.txt;Athenians;char-offset:76803;PERSON;group|origin:Athens|pleiades:579885|side:Athenian
c1f1921d-f254-4c77-8345-8a2aed1e6baf;book3_thucydides_utf8.txt;Athenians;char-offset:77489;PERSON;group|origin:Athens|pleiades:579885|side:Athenian
03b90446-9a7f-46ba-8133-aeff205b14bb;book3_thucydides_utf8.txt;Athenians;char-offset:78172;PERSON;group|origin:Athens|pleiades:579885|side:Athenian
89e409f4-fadc-4913-a5fa-947811187ded;book3_thucydides_utf8.txt;Athenians;char-offset:78699;PERSON;group|origin:Athens|pleiades:579885|side:Athenian
524c67bc-0e29-4cca-baf4-711c2ee73def;book3_thucydides_utf8.txt;Athenians;char-offset:78906;PERSON;group|origin:Athens|pleiades:579885|side:Athenian
5ab016c0-e372-47f8-99dd-20ac3d289374;book3_thucydides_utf8.txt;Aeginetans;char-offset:79146;PERSON;group|origin:Aegina|pleiades:579844|side:Sparthan
8dcef4bb-cda1-44de-8ca8-a21eea839a26;book3_thucydides_utf8.txt;Athenians;char-offset:79753;PERSON;group|origin:Athens|pleiades:579885|side:Athenian
8a7da7b3-9035-47bd-b50d-15bb7266345c;book3_thucydides_utf8.txt;Lacedaemonians,;char-offset:82359;PERSON;group|origin:Sparta|pleiades:570685|side:Sparthan
f3046803-3988-4ea0-ad00-ac63cd568391;book3_thucydides_utf8.txt;Lacedaemonians,;char-offset:83905;PERSON;group|origin:Sparta|pleiades:570685|side:Sparthan
85543df0-b91f-4bc0-847f-c149dc48150c;book3_thucydides_utf8.txt;Thebans;char-offset:84555;PERSON;group|origin:Thebe|pleiades:541138|side:Sparthan
4f33290c-6f3f-43dc-bd45-aeb14fc2865f;book3_thucydides_utf8.txt;Plataeans;char-offset:84663;PERSON;pleiades:|group|origin:Platea|pleiades:541063|side:Athenian
8e793204-5f27-46ff-8dfa-89b9120fc10d;book3_thucydides_utf8.txt;Pausanias;char-offset:84802;PERSON;origin:Sparta|pleiades:570685|side:Sparthan
f1c678ea-d5a6-442e-9879-ec55ace45c34;book3_thucydides_utf8.txt;Plataeans;char-offset:85114;PERSON;group|origin:Platea|pleiades:541063|side:Athenian
88e79614-004d-4d81-889e-2418b00304a9;book3_thucydides_utf8.txt;Lacedaemonians;char-offset:85247;PERSON;group|origin:Sparta|pleiades:570685|side:Sparthan
8237f437-446d-4133-9997-c1bff348c6af;book3_thucydides_utf8.txt;Plataeans;char-offset:85407;PERSON;pleiades:|group|origin:Platea|pleiades:541063|side:Athenian
ce42698e-405f-4516-8856-07a734c441de;book3_thucydides_utf8.txt;Athenians;char-offset:85480;PERSON;group|origin:Athens|pleiades:579885|side:Athenian
48dfc4d2-3508-41c9-87c3-b86a1c92fced;book3_thucydides_utf8.txt;Thebans;char-offset:85568;PERSON;group|origin:Thebe|pleiades:541138|side:Sparthan
000cd366-707c-43fd-91ee-32b1484e5961;book3_thucydides_utf8.txt;Plataeans;char-offset:85660;PERSON;group|origin:Platea|pleiades:541063|side:Athenian
76d98096-8367-406b-8def-360cada6d520;book3_thucydides_utf8.txt;Plataeans;char-offset:85931;PERSON;group|origin:Platea|pleiades:541063|side:Athenian
3bcf8a0d-fc88-441f-9684-8d285bdf2e1e;book3_thucydides_utf8.txt;Lacedaemonians;char-offset:86235;PERSON;group|origin:Sparta|pleiades:570685|side:Sparthan
21bbd7b7-6fde-4ca7-bfe6-efa244468ff3;book3_thucydides_utf8.txt;Plataean;char-offset:86263;PERSON;group|origin:Platea|pleiades:541063|side:Athenian
144d9fec-1f94-4e7a-b451-9eb4b3ca2f8b;book3_thucydides_utf8.txt;Thebans;char-offset:86312;PERSON;group|origin:Thebe|pleiades:541138|side:Sparthan
a7abdf7e-de4c-4b79-9a9d-770b453ad7bc;book3_thucydides_utf8.txt;Peloponnesians;char-offset:86517;PERSON;group|origin:Sparta|pleiades:570685|side:Sparthan
ca0e7fbf-46e9-40da-a683-66b5fbc0c8d8;book3_thucydides_utf8.txt;Lesbians;char-offset:86567;PERSON;group|origin:Lesbos|pleiades:550696|side:Sparthan
a0cf80d4-4452-490c-9358-f5dc751f5dd1;book3_thucydides_utf8.txt;Athenians;char-offset:86638;PERSON;group|origin:Athens|pleiades:579885|side:Athenian
0d7ca9cf-06cb-482a-97fa-fbe1b01094ee;book3_thucydides_utf8.txt;Leucadian;char-offset:86778;PERSON;group|origin:Leucas|pleiades:530975|side:Sparthan
8801bc13-598c-4155-b8a4-af6bed73189e;book3_thucydides_utf8.txt;Ambraciot triremes;char-offset:86792;PERSON;group|origin:Ambracia|pleiades:530794|side:Sparthan
4f3df61c-5102-44a1-803b-1034868c2c63;book3_thucydides_utf8.txt;Brasidas;char-offset:86817;PERSON;origin:Sparta|pleiades:570685|side:Sparthan
5c584a31-a932-4233-b2dd-f2b36b5092af;book3_thucydides_utf8.txt;Tellis;char-offset:86834;PERSON;origin:Sparta|pleiades:570685|side:Sparthan
5fa081bd-6cdf-4a14-bb68-c3e0e89d5fdb;book3_thucydides_utf8.txt;Alcidas;char-offset:86874;PERSON;side:Sparthan|origin:Sparta|pleiades:570685
2df7c659-f19a-4655-a895-8c02121cf5dc;book3_thucydides_utf8.txt;Lacedaemonians,;char-offset:86891;PERSON;group|origin:Sparta|pleiades:570685|side:Sparthan
1bba766c-0f39-4de9-b66b-17d0e01454c1;book3_thucydides_utf8.txt;Brasidas;char-offset:87150;PERSON;origin:Sparta|pleiades:570685|side:Sparthan
28e8f94c-5115-4c6a-8d17-37555ada11e5;book3_thucydides_utf8.txt;Alcidas;char-offset:87163;PERSON;side:Sparthan|origin:Sparta|pleiades:570685
0638a0e4-4931-4e57-9585-5f34f72fd168;book3_thucydides_utf8.txt;Corinthians;char-offset:87319;PERSON;group|origin:Corinthus|pleiades:570182|side:Sparthan
49ef5c3b-ae63-46ed-8459-bb7144d9c5a6;book3_thucydides_utf8.txt;Corcyraeans;char-offset:87728;PERSON;origin:Corcyra|pleiades:530834|side:Athenian|group
b070e0d7-6e45-4761-8e8a-f5e6e9981b8c;book3_thucydides_utf8.txt;Athenians;char-offset:87770;PERSON;group|origin:Athens|pleiades:579885|side:Athenian
3bef01a7-c3de-442a-833c-ab752e30c183;book3_thucydides_utf8.txt;Peloponnesians;char-offset:87835;PERSON;group|origin:Sparta|pleiades:570685|side:Sparthan
0cc9841b-c57c-4c51-b0c2-ad5e9b97866b;book3_thucydides_utf8.txt;Peithias;char-offset:87923;PERSON;origin:Corcyra|pleiades:530834|side:Athenian
96c13e14-ea7d-4ea0-b8bc-0262a8a59cdb;book3_thucydides_utf8.txt;Proxenus;char-offset:87945;PERSON;origin:Locri|pleiades:452369|side:Sparthan
e55c1fc5-27ae-435e-9bbb-ab75fb7e681a;book3_thucydides_utf8.txt;Athenians;char-offset:87961;PERSON;group|origin:Athens|pleiades:579885|side:Athenian
7e1c021f-1682-4fc5-8a39-55b616cd3516;book3_thucydides_utf8.txt;Peithias;char-offset:88416;PERSON;origin:Corcyra|pleiades:530834|side:Athenian
df1d8e78-9baa-4fac-aeb8-75d931140072;book3_thucydides_utf8.txt;Peithias;char-offset:88580;PERSON;origin:Corcyra|pleiades:530834|side:Athenian
6af8aeb1-e730-4642-8c75-b10310428084;book3_thucydides_utf8.txt;Peithias;char-offset:88808;PERSON;origin:Corcyra|pleiades:530834|side:Athenian
048db4eb-1693-457e-82d4-c069baf354bc;book3_thucydides_utf8.txt;Peithias;char-offset:88895;PERSON;origin:Corcyra|pleiades:530834|side:Athenian
ef8bab47-e2e6-4cb3-a2e4-7091cf7038e6;book3_thucydides_utf8.txt;Corcyraeans;char-offset:89026;PERSON;origin:Corcyra|pleiades:530834|side:Athenian|group
0a87600e-3d61-4a89-bcdb-aa656933e671;book3_thucydides_utf8.txt;Athenians;char-offset:89551;PERSON;group|origin:Athens|pleiades:579885|side:Athenian
c7650618-ca55-4014-8033-2830e7e3dbdb;book3_thucydides_utf8.txt;Lacedaemonian envoys;char-offset:89720;PERSON;group|origin:Sparta|pleiades:570685|side:Sparthan
df7115ba-0450-40b4-8d6a-4f691a45a4b3;book3_thucydides_utf8.txt;Nicostratus;char-offset:91405;PERSON;origin:Athens|pleiades:579885|side:Athenian
e96713c8-4dfb-4349-b541-14e3fbe297d7;book3_thucydides_utf8.txt;Diitrephes;char-offset:91425;PERSON;origin:Athens|pleiades:579885|side:Athenian
1265dad4-1d4a-4dc0-884e-7bc15fb1a62e;book3_thucydides_utf8.txt;Messenian heavy infantry;char-offset:91495;PERSON;group|origin:Messenia|pleiades:570480|side:Athenian
5173e38a-a587-4657-aadb-1dfa04dd0584;book3_thucydides_utf8.txt;Athenians;char-offset:91812;PERSON;group|origin:Athens|pleiades:579885|side:Athenian
dda52297-6e29-4694-95ef-0f70de162cd2;book3_thucydides_utf8.txt;Nicostratus;char-offset:92297;PERSON;origin:Athens|pleiades:579885|side:Athenian
32bb0dcb-c2fb-42dc-8fb2-8bce3fc6d58d;book3_thucydides_utf8.txt;Nicostratus;char-offset:92623;PERSON;origin:Athens|pleiades:579885|side:Athenian
9254bb04-f487-470c-91e0-c1f310471dcd;book3_thucydides_utf8.txt;Peloponnesian ships;char-offset:93121;PERSON;group|origin:Sparta|pleiades:570685|side:Sparthan
54df7158-b121-4584-9e44-1117c47dae38;book3_thucydides_utf8.txt;Alcidas;char-offset:93273;PERSON;side:Sparthan|origin:Sparta|pleiades:570685
73842cbe-1ad3-4bdd-ab07-e61df3fa2635;book3_thucydides_utf8.txt;Brasidas;char-offset:93291;PERSON;origin:Sparta|pleiades:570685|side:Sparthan
779d1b83-a35d-46a4-853f-3aea13be0e67;book3_thucydides_utf8.txt;Corcyraeans;char-offset:93430;PERSON;origin:Corcyra|pleiades:530834|side:Athenian|group
b28c9178-ef9e-4ab9-a0f1-f6047ad25fe1;book3_thucydides_utf8.txt;Athenians;char-offset:93669;PERSON;group|origin:Athens|pleiades:579885|side:Athenian
dfb03b75-465b-4310-9c74-43629f9929c6;book3_thucydides_utf8.txt;Peloponnesians;char-offset:94010;PERSON;group|origin:Sparta|pleiades:570685|side:Sparthan
dadb40aa-b1e1-484c-82d0-03e0718ee1cf;book3_thucydides_utf8.txt;Corcyraeans;char-offset:94083;PERSON;origin:Corcyra|pleiades:530834|side:Athenian|group
16d9f463-8c2f-42da-82c6-7c0fe6645021;book3_thucydides_utf8.txt;Corcyraeans;char-offset:94223;PERSON;origin:Corcyra|pleiades:530834|side:Athenian|group
663092ba-4175-4ebb-b8ff-80d4db859821;book3_thucydides_utf8.txt;Peloponnesians;char-offset:94563;PERSON;group|origin:Sparta|pleiades:570685|side:Sparthan
12d059a7-41e9-47bc-8978-04b7b8ee92c0;book3_thucydides_utf8.txt;Athenians;char-offset:94606;PERSON;group|origin:Athens|pleiades:579885|side:Athenian
546d696a-d67d-471a-8ae2-f7801c78ac23;book3_thucydides_utf8.txt;Corcyraeans;char-offset:94721;PERSON;origin:Corcyra|pleiades:530834|side:Athenian|group
3c239f4c-0a98-4ba1-91b1-ad2747762ba0;book3_thucydides_utf8.txt;Athenians;char-offset:94867;PERSON;group|origin:Athens|pleiades:579885|side:Athenian
7a7cb4e6-282b-450f-a77e-fbe70a5c4715;book3_thucydides_utf8.txt;Corcyraeans;char-offset:94975;PERSON;origin:Corcyra|pleiades:530834|side:Athenian|group
71df1073-863d-43fa-b261-cdb4b558e7ef;book3_thucydides_utf8.txt;Corcyraeans;char-offset:95124;PERSON;origin:Corcyra|pleiades:530834|side:Athenian|group
f65b37a5-bdca-4419-b5f7-983650c56763;book3_thucydides_utf8.txt;Peloponnesians;char-offset:95400;PERSON;group|origin:Sparta|pleiades:570685|side:Sparthan
d89d8d79-8903-4570-bcf0-814be02d8647;book3_thucydides_utf8.txt;Corcyraean vessels;char-offset:95521;PERSON;group|origin:Corcyra|pleiades:530834|side:Athenian
2ca2db71-5871-48b9-94a1-3413bfdd2ecb;book3_thucydides_utf8.txt;Brasidas;char-offset:95768;PERSON;origin:Sparta|pleiades:570685|side:Sparthan
3e1cd30a-984b-492b-91c8-ff387ba989f0;book3_thucydides_utf8.txt;Alcidas;char-offset:95796;PERSON;side:Sparthan|origin:Sparta|pleiades:570685
9b3255da-9120-4807-9eb6-cb465a79da9c;book3_thucydides_utf8.txt;Peloponnesians;char-offset:96223;PERSON;group|origin:Sparta|pleiades:570685|side:Sparthan
c2ce0260-6bd3-471d-aa95-6b501c244510;book3_thucydides_utf8.txt;Athenian vessels;char-offset:96370;PERSON;group|origin:Athens|pleiades:579885|side:Athenian
4c7193be-8929-4667-a3cf-e4746d3e71da;book3_thucydides_utf8.txt;Eurymedon;char-offset:96421;PERSON;origin:Athens|pleiades:579885|side:Athenian
be24a7b2-6607-49cf-aeab-10acd96ad3c2;book3_thucydides_utf8.txt;Thucles;char-offset:96439;PERSON;origin:Athens|pleiades:579885|side:Athenian
238f2579-1a7b-44f2-9dbb-345e4b8adba5;book3_thucydides_utf8.txt;Athenians;char-offset:96479;PERSON;group|origin:Athens|pleiades:579885|side:Athenian
456ae5b3-99a4-46bb-8b47-03e95289e404;book3_thucydides_utf8.txt;Alcidas;char-offset:96543;PERSON;side:Sparthan|origin:Sparta|pleiades:570685
c18e22b8-02e9-4ca2-aaf9-28ab62aeadec;book3_thucydides_utf8.txt;Peloponnesians;char-offset:96592;PERSON;group|origin:Sparta|pleiades:570685|side:Sparthan
e4e377d5-d9c6-4128-b5a7-aac8bd37e733;book3_thucydides_utf8.txt;Corcyraeans;char-offset:96797;PERSON;origin:Corcyra|pleiades:530834|side:Athenian|group
2b5074d1-8031-4e5e-916e-c97700f514c5;book3_thucydides_utf8.txt;Messenians;char-offset:96906;PERSON;origin:Messenia|pleiades:570480|side:Athenian|group
3a0034a2-a5eb-44cb-9a62-337b8a7962b1;book3_thucydides_utf8.txt;Eurymedon;char-offset:97611;PERSON;origin:Athens|pleiades:579885|side:Athenian
dc40d43a-7e63-4380-9018-e3539995adfc;book3_thucydides_utf8.txt;Corcyraeans;char-offset:97654;PERSON;origin:Corcyra|pleiades:530834|side:Athenian|group
8881af9d-792f-4800-ba95-bb52e17a5a3e;book3_thucydides_utf8.txt;Athenians;char-offset:98499;PERSON;group|origin:Athens|pleiades:579885|side:Athenian
838ac975-cff0-4414-b872-cedbf401b27f;book3_thucydides_utf8.txt;Lacedaemonians;char-offset:98548;PERSON;group|origin:Sparta|pleiades:570685|side:Sparthan
d8fd490f-f1e2-4b63-91e2-1e887ae43abb;book3_thucydides_utf8.txt;Eurymedon;char-offset:105319;PERSON;origin:Athens|pleiades:579885|side:Athenian
aaa0f0d3-478b-44eb-837c-64232663f469;book3_thucydides_utf8.txt;Athenians;char-offset:106152;PERSON;group|origin:Athens|pleiades:579885|side:Athenian
7ff540a1-0669-45ff-9319-958ef0c9dc76;book3_thucydides_utf8.txt;Laches;char-offset:106201;PERSON;origin:Athens|pleiades:579885|side:Athenian
e0ea55b7-66d1-4f0f-a98c-00cef2c67fc3;book3_thucydides_utf8.txt;Melanopus;char-offset:106216;PERSON;origin:Athens|pleiades:579885|side:Athenian
6ebaa810-1b0d-42c1-af19-e3d42fb374f8;book3_thucydides_utf8.txt;Charceades;char-offset:106231;PERSON;origin:Athens|pleiades:579885|side:Athenian
b4af3483-a170-43ec-a6ea-afd87ae76f94;book3_thucydides_utf8.txt;Euphiletus;char-offset:106250;PERSON;origin:Athens|pleiades:579885|side:Athenian
1488978e-13fe-4ce4-a6e7-1cb722e5834d;book3_thucydides_utf8.txt;Syracusans;char-offset:106287;PERSON;group|origin:Syracusae|pleiades:462503|side:Sparthan
087a5d95-b617-459a-8a54-3fc4424a6c8e;book3_thucydides_utf8.txt;Leontines;char-offset:106302;PERSON;group|origin:leontini|pleiades:462279|side:Athenian
2ac6ca37-78a8-44b6-92af-3ba3ef090e80;book3_thucydides_utf8.txt;Syracusans;char-offset:106329;PERSON;group|origin:Syracusae|pleiades:462503|side:Sparthan
0ae841ae-1b98-45d1-9da9-cdae5c34a1a6;book3_thucydides_utf8.txt;Leontines;char-offset:106536;PERSON;group|origin:leontini|pleiades:462279|side:Athenian
2036c0cb-838d-4757-b3aa-14cae96b979a;book3_thucydides_utf8.txt;Locrians;char-offset:106599;PERSON;origin:Locri|pleiades:452369|side:Sparthan|group
032c1545-f86b-46c6-b3a1-adb275b41af8;book3_thucydides_utf8.txt;Syracusans;char-offset:106621;PERSON;group|origin:Syracusae|pleiades:462503|side:Sparthan
a0598a49-ac64-470b-b207-e55892269aa7;book3_thucydides_utf8.txt;Rhegians;char-offset:106637;PERSON;origin:Rhegion|pleiades:455268|side:Athenian|group
dfbfc209-4710-456c-94b8-553c6f004216;book3_thucydides_utf8.txt;Leontines;char-offset:106696;PERSON;group|origin:leontini|pleiades:462279|side:Athenian
183a0f02-14bf-43be-bb5f-2c0dc116b163;book3_thucydides_utf8.txt;Athenians;char-offset:106808;PERSON;group|origin:Athens|pleiades:579885|side:Athenian
867f3bcb-a60d-4f13-bf40-4daaa3445509;book3_thucydides_utf8.txt;Syracusans;char-offset:106847;PERSON;group|origin:Syracusae|pleiades:462503|side:Sparthan
f72a793f-cc56-4352-886f-31da3eb58ebc;book3_thucydides_utf8.txt;Athenians;char-offset:106904;PERSON;group|origin:Athens|pleiades:579885|side:Athenian
22a1cb33-b12a-4842-a08d-1616bcc16644;book3_thucydides_utf8.txt;Athenians;char-offset:107314;PERSON;group|origin:Athens|pleiades:579885|side:Athenian
64cdb8e9-7474-49cf-a84c-b450e24bb1ac;book3_thucydides_utf8.txt;Athenians;char-offset:107533;PERSON;group|origin:Athens|pleiades:579885|side:Athenian
b6e18b83-95e0-4394-9ea2-aac301c899cb;book3_thucydides_utf8.txt;Athenians;char-offset:107922;PERSON;group|origin:Athens|pleiades:579885|side:Athenian
a2b1ca3d-f435-4bba-b40e-8160913e4f58;book3_thucydides_utf8.txt;Rhegians;char-offset:107950;PERSON;origin:Rhegion|pleiades:455268|side:Athenian|group
656aaebc-fe35-42e8-8494-e320bc644905;book3_thucydides_utf8.txt;Liparians;char-offset:108141;PERSON;group|origin:Lipara|pleiades:462283|side:Sparthan
4744a4af-ce4b-48ed-8d1d-518a0d4950a0;book3_thucydides_utf8.txt;Sicels;char-offset:108514;PERSON;group|origin:Scicli|pleiades:462485|side:Athenian
7af228bd-1a65-4dcc-9c2e-94d244c59df8;book3_thucydides_utf8.txt;Syracusans;char-offset:108559;PERSON;group|origin:Syracusae|pleiades:462503|side:Sparthan
7523cf5d-aa91-450d-8aac-5105b6f4aed9;book3_thucydides_utf8.txt;Athenians;char-offset:108579;PERSON;group|origin:Athens|pleiades:579885|side:Athenian
c2970bca-65e9-4b5e-bedf-c2d6c85ce1fe;book3_thucydides_utf8.txt;Thucydides;char-offset:108753;PERSON;origin:Athens|pleiades:579885|side:Athenian
4b628773-a2c3-493f-8c53-d9b815723c6d;book3_thucydides_utf8.txt;Peloponnesians;char-offset:108807;PERSON;group|origin:Sparta|pleiades:570685|side:Sparthan
5883d737-cc10-43ac-8373-fe6f396e4db3;book3_thucydides_utf8.txt;Agis;char-offset:108885;PERSON;origin:Sparta|pleiades:570685|side:Sparthan
ed9c0f59-eaa4-4439-b491-357d933560f6;book3_thucydides_utf8.txt;Archidamus;char-offset:108898;PERSON;origin:Sparta|pleiades:570685|side:Sparthan
19a02a1b-9bd7-4d73-a632-9159254dfcf2;book3_thucydides_utf8.txt;Athenians;char-offset:110245;PERSON;group|origin:Athens|pleiades:579885|side:Athenian
674b524f-437e-4c9a-a416-5adfbc2dde95;book3_thucydides_utf8.txt;Athenians;char-offset:110332;PERSON;group|origin:Athens|pleiades:579885|side:Athenian
418e9846-9549-4816-b481-4b24163ed381;book3_thucydides_utf8.txt;Charoeades;char-offset:110420;PERSON;origin:Athens|pleiades:579885|side:Athenian
3fea1afa-343a-462e-986a-4237736f6e52;book3_thucydides_utf8.txt;Syracusans;char-offset:110446;PERSON;group|origin:Syracusae|pleiades:462503|side:Sparthan
0605c438-b51d-4f67-ac8c-77d37b1e4e7c;book3_thucydides_utf8.txt;Laches;char-offset:110473;PERSON;origin:Athens|pleiades:579885|side:Athenian
1c0a2ad1-4647-482b-aa33-6940f73b5510;book3_thucydides_utf8.txt;Messinese battalions;char-offset:110618;PERSON;group|origin:Messina|pleiades:462440|side:Sparthan
f7b19003-f01f-42c1-8cda-cb9df1276499;book3_thucydides_utf8.txt;Athenians;char-offset:110761;PERSON;group|origin:Athens|pleiades:579885|side:Athenian
e8a04cba-0352-4acb-a45e-84aa7ea70bd7;book3_thucydides_utf8.txt;Athenians;char-offset:110979;PERSON;group|origin:Athens|pleiades:579885|side:Athenian
4a313e2e-ca3a-4804-9923-8a7f8a9b49c1;book3_thucydides_utf8.txt;Athenians;char-offset:111084;PERSON;group|origin:Athens|pleiades:579885|side:Athenian
a934a450-8693-482f-ba78-298706bffae6;book3_thucydides_utf8.txt;Demosthenes;char-offset:111136;PERSON;origin:Athens|pleiades:579885|side:Athenian
f90c283f-74ba-4704-98d9-ed211826777d;book3_thucydides_utf8.txt;Alcisthenes;char-offset:111156;PERSON;origin:Athens|pleiades:579885|side:Athenian
23751744-0ed0-47a3-869e-6590cf90a393;book3_thucydides_utf8.txt;Procles;char-offset:111173;PERSON;origin:Athens|pleiades:579885|side:Athenian
ff309b75-b9ef-4297-9be2-0dba91216993;book3_thucydides_utf8.txt;Theodorus;char-offset:111189;PERSON;origin:Athens|pleiades:579885|side:Athenian
2de49bcf-6d47-46d5-aeda-820607fb958e;book3_thucydides_utf8.txt;Nicias;char-offset:111273;PERSON;origin:Athens|pleiades:579885|side:Athenian
cbc86e7f-eefc-4c1a-9636-a2c3eeb3d59f;book3_thucydides_utf8.txt;Niceratus;char-offset:111288;PERSON;origin:Athens|pleiades:579885|side:Athenian
1dd3542c-7a5c-4229-8011-07642f10d6c9;book3_thucydides_utf8.txt;Melians;char-offset:111325;PERSON;group|origin:Melos|pleiades:570474|side:Neutral
73e82e67-5401-4d0e-8b74-efd5a29d7451;book3_thucydides_utf8.txt;Hipponicus;char-offset:111783;PERSON;origin:Athens|pleiades:579885|side:Athenian
5c50b24e-1792-4998-87e6-db5fc58478b4;book3_thucydides_utf8.txt;Callias;char-offset:111802;PERSON;origin:Athens|pleiades:579885|side:Athenian
88b5ee89-0f7d-4449-8c9d-663b1140a35b;book3_thucydides_utf8.txt;Eurymedon;char-offset:111815;PERSON;origin:Athens|pleiades:579885|side:Athenian
8a2b25b6-507c-4f01-9a60-4fcf1f733e04;book3_thucydides_utf8.txt;Thucles;char-offset:111833;PERSON;origin:Athens|pleiades:579885|side:Athenian
b151f37d-dc1b-484b-af10-69d674ca9143;book3_thucydides_utf8.txt;Tanagraeans;char-offset:111993;PERSON;group|origin:Tanagra|pleiades:580114|side:Sparthan
9c406cde-3d4c-4056-b3eb-6f56739c23d0;book3_thucydides_utf8.txt;Thebans;char-offset:112043;PERSON;group|origin:Thebe|pleiades:541138|side:Sparthan
aeea2ce9-536e-4586-ba99-cf3d51e43068;book3_thucydides_utf8.txt;Tanagraeans;char-offset:112079;PERSON;group|origin:Tanagra|pleiades:580114|side:Sparthan
ac8d5239-f66e-4a66-b5af-6ed3a6cb3adf;book3_thucydides_utf8.txt;Nicias;char-offset:112194;PERSON;origin:Athens|pleiades:579885|side:Athenian
d92a4568-e7b2-4343-a814-26482abd3d1d;book3_thucydides_utf8.txt;Lacedaemonians;char-offset:112322;PERSON;group|origin:Sparta|pleiades:570685|side:Sparthan
2ac20da7-8727-4b10-92d1-2a9c72b4ead3;book3_thucydides_utf8.txt;Trachinians;char-offset:112495;PERSON;group|origin:Trachis|pleiades:541157|side:Sparthan
c83fc1fc-82b4-4707-8f95-41ede1ff5469;book3_thucydides_utf8.txt;Oetaeans;char-offset:112585;PERSON;group|origin:Oeta|pleiades:540968|side:Athenian
6d49659e-10db-42a6-8c22-baf87326b177;book3_thucydides_utf8.txt;Tisamenus;char-offset:112753;PERSON;origin:Trachis|pleiades:541157|side:Sparthan
02dbb1d0-39b2-4266-984c-bb9a34c8a559;book3_thucydides_utf8.txt;Lacedaemonians,;char-offset:112860;PERSON;group|origin:Sparta|pleiades:570685|side:Sparthan
29535a8b-17e9-4119-9ae5-824fb85022cb;book3_thucydides_utf8.txt;Lacedaemonians;char-offset:112981;PERSON;group|origin:Sparta|pleiades:570685|side:Sparthan
8b11fc15-86b0-4b1d-9a73-5b9595c9df5f;book3_thucydides_utf8.txt;Trachinians;char-offset:113053;PERSON;group|origin:Trachis|pleiades:541157|side:Sparthan
01d8a734-046d-4c5a-8af3-c523c91f1566;book3_thucydides_utf8.txt;Athenians;char-offset:113194;PERSON;group|origin:Athens|pleiades:579885|side:Athenian
92760835-a45b-4b1a-8958-e655faad3aa1;book3_thucydides_utf8.txt;Lacedaemonians;char-offset:113407;PERSON;group|origin:Sparta|pleiades:570685|side:Sparthan
7a549aa8-a3dd-4ea0-9163-aff37bce2a39;book3_thucydides_utf8.txt;Lacedaemonians;char-offset:113724;PERSON;group|origin:Sparta|pleiades:570685|side:Sparthan
398552c7-f42a-4ee2-8cfe-baf610a72ba5;book3_thucydides_utf8.txt;Leon;char-offset:113774;PERSON;origin:Sparta|pleiades:570685|side:Sparthan
55149515-051b-403f-a698-4981f8efd0e0;book3_thucydides_utf8.txt;Alcidas;char-offset:113780;PERSON;side:Sparthan|origin:Sparta|pleiades:570685
bc93c684-d2d7-47ca-99bd-8ddd2bb42921;book3_thucydides_utf8.txt;Damagon;char-offset:113793;PERSON;origin:Sparta|pleiades:570685|side:Sparthan
7230d5b4-1b52-4bc1-ac88-cb5e12cb38fd;book3_thucydides_utf8.txt;Thessalians;char-offset:114414;PERSON;group|origin:Thessalia|pleiades:1332|side:Athenian
0e5b8ad4-3564-4976-9b46-279b91a521bc;book3_thucydides_utf8.txt;Lacedaemonians,;char-offset:114788;PERSON;group|origin:Sparta|pleiades:570685|side:Sparthan
98d0fda4-d183-4ff6-9543-bd6d1bf38fb3;book3_thucydides_utf8.txt;Lacedaemonians;char-offset:114865;PERSON;group|origin:Sparta|pleiades:570685|side:Sparthan
6ead4723-ed4d-4c56-b0ad-64e9c83a467c;book3_thucydides_utf8.txt;Athenians;char-offset:115238;PERSON;group|origin:Athens|pleiades:579885|side:Athenian
2018516b-ba96-4ba0-8e92-408c2e9db3aa;book3_thucydides_utf8.txt;Acarnanians;char-offset:115522;PERSON;origin:Acarnania|pleiades:530767|side:Athenian|group
cca54571-e62e-49a8-a8a8-443712c19069;book3_thucydides_utf8.txt;Zacynthians;char-offset:115562;PERSON;origin:Zacynthus|pleiades:531154|side:Athenian|group
f6bb7ed6-36ef-4b65-9e27-700b86272209;book3_thucydides_utf8.txt;Cephallenans;char-offset:115578;PERSON;orign:Cephallania|pleiades:530826|side:Athenian|group
43de57c5-8832-4a95-8764-006e3f6769e2;book3_thucydides_utf8.txt;Leucadians;char-offset:115637;PERSON;group|origin:Leucas|pleiades:530975|side:Sparthan
ee5c5990-6a43-4347-a169-29258ae2aa34;book3_thucydides_utf8.txt;Acarnanians;char-offset:115867;PERSON;origin:Acarnania|pleiades:530767|side:Athenian|group
205626a5-255b-4017-b12a-5bdbb64ff830;book3_thucydides_utf8.txt;Demosthenes;char-offset:115885;PERSON;origin:Athens|pleiades:579885|side:Athenian
554dc832-4565-4755-859b-bebf3a983fec;book3_thucydides_utf8.txt;Demosthenes;char-offset:116106;PERSON;origin:Athens|pleiades:579885|side:Athenian
f00562f4-e237-418d-b0ba-3448edff0cdc;book3_thucydides_utf8.txt;Messenians;char-offset:116169;PERSON;origin:Messenia|pleiades:570480|side:Athenian|group
1d3f002e-9973-47de-868f-9b3445538c94;book3_thucydides_utf8.txt;Aetolians;char-offset:116269;PERSON;origin:Aetolia|pleiades:540591|side:Sparthan|group
8881435f-28e8-4eb6-a5d8-658f91c3e618;book3_thucydides_utf8.txt;Athenians;char-offset:116426;PERSON;group|origin:Athens|pleiades:579885|side:Athenian
0cd88dc7-6a72-4024-a049-f61247f91bdf;book3_thucydides_utf8.txt;Messenians;char-offset:116607;PERSON;origin:Messenia|pleiades:570480|side:Athenian|group
7a0ac2cf-6731-454c-89ed-822f91e666cd;book3_thucydides_utf8.txt;Demosthenes;char-offset:117011;PERSON;origin:Athens|pleiades:579885|side:Athenian
43ce5957-3668-471c-b668-8b93025d55d9;book3_thucydides_utf8.txt;Messenians;char-offset:117057;PERSON;origin:Messenia|pleiades:570480|side:Athenian|group
307fe677-54ed-4c4f-a813-a0d3e9c2cd22;book3_thucydides_utf8.txt;Aetolians;char-offset:117111;PERSON;origin:Aetolia|pleiades:540591|side:Sparthan|group
5107d367-de5e-43e4-9612-022d21f4bc57;book3_thucydides_utf8.txt;Boeotians;char-offset:117215;PERSON;group|origin:Boetia|pleiades:540689|side:Sparthan
5a3fb108-71fd-42f9-a333-ec967b9fa29b;book3_thucydides_utf8.txt;Phocians;char-offset:117329;PERSON;side:Sparthan|group|origin:Phocis|pleiades:541048
00c75edf-ac42-4d64-b50f-2972a3c428bb;book3_thucydides_utf8.txt;Acarnanians;char-offset:117595;PERSON;origin:Acarnania|pleiades:530767|side:Athenian|group
7fcb6b4c-3588-454d-9c07-98263e437df3;book3_thucydides_utf8.txt;Cephallenians;char-offset:117840;PERSON;group|origin:Cephallania|pleiades:530826|side:Athenian
05869311-af05-4f08-9a25-a01669827b39;book3_thucydides_utf8.txt;Messenians;char-offset:117859;PERSON;origin:Messenia|pleiades:570480|side:Athenian|group
26c7083d-aa40-4681-aa7f-25e220f19afe;book3_thucydides_utf8.txt;Zacynthians;char-offset:117875;PERSON;origin:Zacynthus|pleiades:531154|side:Athenian|group
48a7a26c-d95b-49c3-8bba-31075458f5bd;book3_thucydides_utf8.txt;Corcyraean vessels;char-offset:117955;PERSON;group|origin:Corcyra|pleiades:530834|side:Athenian
16975ac1-d3c8-4fc0-82bf-c013f0a79c8e;book3_thucydides_utf8.txt;Locrians;char-offset:118105;PERSON;origin:Locri|pleiades:452369|side:Sparthan|group
ca73eaf2-7d76-442c-8f15-b018cbecc609;book3_thucydides_utf8.txt;Aetolians;char-offset:118219;PERSON;origin:Aetolia|pleiades:540591|side:Sparthan|group
62b95a64-945e-4dde-8870-0d1368f43cc4;book3_thucydides_utf8.txt;Demosthenes;char-offset:118630;PERSON;origin:Athens|pleiades:579885|side:Athenian
c15133cc-971c-479e-995d-eb04089fc508;book3_thucydides_utf8.txt;Aetolians;char-offset:119027;PERSON;origin:Aetolia|pleiades:540591|side:Sparthan|group
5af7d4eb-311c-4c03-8e5e-609bb001ae22;book3_thucydides_utf8.txt;Messenians;char-offset:119328;PERSON;origin:Messenia|pleiades:570480|side:Athenian|group
c6ebc839-02cc-4236-ae5e-137d00fcd314;book3_thucydides_utf8.txt;Demosthenes;char-offset:119392;PERSON;origin:Athens|pleiades:579885|side:Athenian
05253ef4-d804-4ae5-8c4f-df7736b2b15c;book3_thucydides_utf8.txt;Aetolians;char-offset:119413;PERSON;origin:Aetolia|pleiades:540591|side:Sparthan|group
bc22aa05-b183-408a-aca4-470a06000965;book3_thucydides_utf8.txt;Aetolians;char-offset:120056;PERSON;origin:Aetolia|pleiades:540591|side:Sparthan|group
26d3ee8e-aab2-4968-a51a-c4bf65e12bfb;book3_thucydides_utf8.txt;Athenians;char-offset:120115;PERSON;group|origin:Athens|pleiades:579885|side:Athenian
21a67699-f5fd-46fc-9298-13648e615c3f;book3_thucydides_utf8.txt;Athenians;char-offset:120403;PERSON;group|origin:Athens|pleiades:579885|side:Athenian
018c0864-c5b7-4b85-87aa-4f528d6178a8;book3_thucydides_utf8.txt;Aetolians;char-offset:120537;PERSON;origin:Aetolia|pleiades:540591|side:Sparthan|group
6be00042-3830-4681-a0d2-5fe74d697a71;book3_thucydides_utf8.txt;Aetolians;char-offset:120756;PERSON;origin:Aetolia|pleiades:540591|side:Sparthan|group
416185e6-6ac0-44d4-97d9-9d6f6d579bb5;book3_thucydides_utf8.txt;Chromon;char-offset:120920;PERSON;origin:Messenia|pleiades:570480|side:Athenian
d629f6ec-96ed-46e4-bd18-adb29a4f370b;book3_thucydides_utf8.txt;Aetolians;char-offset:121060;PERSON;origin:Aetolia|pleiades:540591|side:Sparthan|group
b40158dc-ee80-4b8c-bb1c-ded7195bcadd;book3_thucydides_utf8.txt;Procles;char-offset:121710;PERSON;origin:Athens|pleiades:579885|side:Athenian
74b929ae-4d35-48ea-ade0-c465a4e1a64f;book3_thucydides_utf8.txt;Demosthenes;char-offset:121736;PERSON;origin:Athens|pleiades:579885|side:Athenian
111837e4-e57a-4fbe-b6ed-d7bb92bb9673;book3_thucydides_utf8.txt;Athenians;char-offset:121767;PERSON;group|origin:Athens|pleiades:579885|side:Athenian
e23ad92f-94e4-479d-ae86-4f4db45100d0;book3_thucydides_utf8.txt;Demosthenes;char-offset:121901;PERSON;origin:Athens|pleiades:579885|side:Athenian
b3b60cf9-f0b3-4993-bf2f-21e0a2f3a359;book3_thucydides_utf8.txt;Athenians;char-offset:121991;PERSON;group|origin:Athens|pleiades:579885|side:Athenian
c47ccea8-52c7-41f4-a406-211d8dc423d9;book3_thucydides_utf8.txt;Athenians;char-offset:122049;PERSON;group|origin:Athens|pleiades:579885|side:Athenian
b551844a-0da6-44fa-ad34-c6a7471be606;book3_thucydides_utf8.txt;Locrians;char-offset:122161;PERSON;origin:Locri|pleiades:452369|side:Sparthan|group
c98c3054-dc16-4338-a09e-19d49e9feab2;book3_thucydides_utf8.txt;Aetolians;char-offset:122256;PERSON;origin:Aetolia|pleiades:540591|side:Sparthan|group
dd453c3d-5641-441e-a690-2ca94cfdf151;book3_thucydides_utf8.txt;Tolophus;char-offset:122361;PERSON;origin:Aetolia|pleiades:540591|side:Sparthan
d467ea07-6578-4880-8b3d-5d43c9c5eac0;book3_thucydides_utf8.txt;Boriades;char-offset:122385;PERSON;origin:Aetolia|pleiades:540591|side:Sparthan
b43fbc18-f450-4b46-8d3e-9882222cdeb6;book3_thucydides_utf8.txt;Tisander;char-offset:122414;PERSON;origin:Aetolia|pleiades:540591|side:Sparthan
47733f1e-0cec-4e45-9454-b5e332e7bcbc;book3_thucydides_utf8.txt;Lacedaemonians;char-offset:122548;PERSON;group|origin:Sparta|pleiades:570685|side:Sparthan
4522a114-0702-45a7-be59-bb606e96d4e5;book3_thucydides_utf8.txt;Eurylochus;char-offset:122741;PERSON;origin:Sparta|pleiades:570685|side:Sparthan
3b41e116-b53b-4ab3-933b-55b3dd04ee75;book3_thucydides_utf8.txt;Macarius;char-offset:122779;PERSON;origin:Sparta|pleiades:570685|side:Sparthan
ff196dd3-aedc-4846-a462-6042da5bf8d6;book3_thucydides_utf8.txt;Menedaius;char-offset:122792;PERSON;origin:Sparta|pleiades:570685|side:Sparthan
4b193c65-fdcf-41e1-add8-a1734f3fae32;book3_thucydides_utf8.txt;Eurylochus;char-offset:122860;PERSON;origin:Sparta|pleiades:570685|side:Sparthan
55c4ad77-94cd-44d6-a364-5ada1da65e81;book3_thucydides_utf8.txt;Locrians;char-offset:122900;PERSON;origin:Locri|pleiades:452369|side:Sparthan|group
ef703a0d-f6ad-4e37-9748-757dfec01676;book3_thucydides_utf8.txt;Amphissians;char-offset:123077;PERSON;group|origin:Amphissa|pleiades:540630|side:Sparthan
fb72f905-d5c0-4f93-bb5f-06dca289dd1a;book3_thucydides_utf8.txt;Phocians;char-offset:123131;PERSON;side:Sparthan|group|origin:Phocis|pleiades:541048
035d936d-5f12-4b08-b8a1-701760583e44;book3_thucydides_utf8.txt;Eurylochus;char-offset:123681;PERSON;origin:Sparta|pleiades:570685|side:Sparthan
7fb2d6f9-2199-479f-8ebe-e53233470274;book3_thucydides_utf8.txt;Locrians;char-offset:123790;PERSON;origin:Locri|pleiades:452369|side:Sparthan|group
523de267-9de8-43e2-b8a3-23e5e68ae51e;book3_thucydides_utf8.txt;Aetolians;char-offset:123961;PERSON;origin:Aetolia|pleiades:540591|side:Sparthan|group
2fc1425d-b8a0-4b24-8bca-b4836c6cfe8d;book3_thucydides_utf8.txt;Demosthenes;char-offset:124154;PERSON;origin:Athens|pleiades:579885|side:Athenian
f8b29f92-3ab5-4207-90f2-a2ee59356a54;book3_thucydides_utf8.txt;Acarnanians;char-offset:124307;PERSON;origin:Acarnania|pleiades:530767|side:Athenian|group
0b3af1e4-254e-473e-805f-1d8daf8a5ca8;book3_thucydides_utf8.txt;Eurylochus;char-offset:124675;PERSON;origin:Sparta|pleiades:570685|side:Sparthan
cb484e7b-9e2e-4be6-90b6-aced68f18334;book3_thucydides_utf8.txt;Ambraciots;char-offset:124958;PERSON;origin:Ambracia|pleiades:530794|side:Sparthan|group
7c70b949-a3bb-4768-bb0d-c714179445d7;book3_thucydides_utf8.txt;Eurylochus;char-offset:125212;PERSON;origin:Sparta|pleiades:570685|side:Sparthan
148fde26-0f5f-4a33-a529-8e219905b105;book3_thucydides_utf8.txt;Aetolians;char-offset:125253;PERSON;origin:Aetolia|pleiades:540591|side:Sparthan|group
49e383cf-ed6a-4c67-80a7-12bec2b80cab;book3_thucydides_utf8.txt;Ambraciots;char-offset:125348;PERSON;origin:Ambracia|pleiades:530794|side:Sparthan|group
30575755-3426-4922-8cb8-d7efbafb2b71;book3_thucydides_utf8.txt;Athenians;char-offset:125467;PERSON;group|origin:Athens|pleiades:579885|side:Athenian
9c71d265-234c-46f0-818b-022be7e11391;book3_thucydides_utf8.txt;Syracusans;char-offset:125694;PERSON;group|origin:Syracusae|pleiades:462503|side:Sparthan
61335cc1-5ce3-44e9-a8ee-5cb29e085530;book3_thucydides_utf8.txt;Athenians;char-offset:125821;PERSON;group|origin:Athens|pleiades:579885|side:Athenian
1c9ba1c2-3cd3-4471-ae3d-38ac1af96f40;book3_thucydides_utf8.txt;Syracusans;char-offset:125852;PERSON;group|origin:Syracusae|pleiades:462503|side:Sparthan
5691a9de-86ae-43ac-b3d4-edf4e3db476b;book3_thucydides_utf8.txt;Laches;char-offset:125954;PERSON;origin:Athens|pleiades:579885|side:Athenian
1991c9b6-13cc-4c76-b9f0-ab32994e2303;book3_thucydides_utf8.txt;Athenians;char-offset:125969;PERSON;group|origin:Athens|pleiades:579885|side:Athenian
8f7833a9-1a9a-4439-b3cf-ca0cd5191aae;book3_thucydides_utf8.txt;Locrians;char-offset:126042;PERSON;origin:Locri|pleiades:452369|side:Sparthan|group
6e5c9f1b-b630-44f8-a5da-a191088a32d3;book3_thucydides_utf8.txt;Proxenus;char-offset:126079;PERSON;origin:Locri|pleiades:452369|side:Sparthan
2990bc95-6db7-473c-9e7d-0c65b9ea1136;book3_thucydides_utf8.txt;Capaton;char-offset:126096;PERSON;origin:Locri|pleiades:452369|side:Sparthan
10c07c60-fd16-4e11-8862-7801e081c8ca;book3_thucydides_utf8.txt;Athenians;char-offset:126183;PERSON;group|origin:Athens|pleiades:579885|side:Athenian
52ed4d76-bd38-4737-a25f-98df489f9a10;book3_thucydides_utf8.txt;Pisistratus;char-offset:126290;PERSON;origin:Athens|pleiades:579885|side:Athenian
28fa0356-ff99-476c-976d-bac95cb567b9;book3_thucydides_utf8.txt;Polycrates;char-offset:126726;PERSON;origin:Samos|pleiades:599926|side:Athenian
f4d924aa-ddb5-4dfb-a3a7-856d2e608cb7;book3_thucydides_utf8.txt;Athenians;char-offset:128445;PERSON;group|origin:Athens|pleiades:579885|side:Athenian
6b3988fd-7466-4bf3-a841-3b0c98ba370d;book3_thucydides_utf8.txt;Athenians;char-offset:128606;PERSON;group|origin:Athens|pleiades:579885|side:Athenian
bd76af88-732c-4b10-98d0-b584d5483a20;book3_thucydides_utf8.txt;Eurylochus;char-offset:128747;PERSON;origin:Sparta|pleiades:570685|side:Sparthan
6260026b-98f7-44e8-a0bf-d62e8ebc70a9;book3_thucydides_utf8.txt;Acarnanians;char-offset:128990;PERSON;origin:Acarnania|pleiades:530767|side:Athenian|group
7febc876-17bd-4af0-8124-715d36e44938;book3_thucydides_utf8.txt;Acarnanians;char-offset:129162;PERSON;origin:Acarnania|pleiades:530767|side:Athenian|group
b0521b1a-3577-4e72-a6a3-e5fb22edaaf2;book3_thucydides_utf8.txt;Eurylochus;char-offset:129328;PERSON;origin:Sparta|pleiades:570685|side:Sparthan
b7220e93-b64f-4d4b-8d00-59b8a92073fa;book3_thucydides_utf8.txt;Peloponnesians;char-offset:129347;PERSON;group|origin:Sparta|pleiades:570685|side:Sparthan
7f3a6daa-ba7e-413f-a1b4-6e13bc9491ee;book3_thucydides_utf8.txt;Ambraciots;char-offset:129438;PERSON;origin:Ambracia|pleiades:530794|side:Sparthan|group
327b78f9-2f9d-4fdd-b8db-b2cdafcbe91e;book3_thucydides_utf8.txt;Demosthenes;char-offset:129479;PERSON;origin:Athens|pleiades:579885|side:Athenian
bfbbc130-289e-46d6-96b5-ce181efc8e52;book3_thucydides_utf8.txt;Aristotle;char-offset:129644;PERSON;origin:Athens|pleiades:579885|side:Athenian
e632d771-c5fa-43d7-a48e-54a7b5fbc341;book3_thucydides_utf8.txt;Timocrates;char-offset:129662;PERSON;origin:Athens|pleiades:579885|side:Athenian
aa976ab4-1484-4d93-be3b-5f39dd0d84ae;book3_thucydides_utf8.txt;Hierophon;char-offset:129678;PERSON;origin:Athens|pleiades:579885|side:Athenian
940e19c0-674c-4534-a5e1-4171d59e1b0c;book3_thucydides_utf8.txt;Antimnestus;char-offset:129696;PERSON;origin:Athens|pleiades:579885|side:Athenian
3139220b-ba32-4c56-b88d-c77674e1d18d;book3_thucydides_utf8.txt;Ambraciots;char-offset:129732;PERSON;origin:Ambracia|pleiades:530794|side:Sparthan|group
2eaa876e-977f-4072-8ae9-d42cd0b09e3f;book3_thucydides_utf8.txt;Eurylochus;char-offset:129876;PERSON;origin:Sparta|pleiades:570685|side:Sparthan
cae0469c-c3c9-4043-b6c2-60f054945668;book3_thucydides_utf8.txt;Acarnanians;char-offset:129925;PERSON;origin:Acarnania|pleiades:530767|side:Athenian|group
2e8108f7-47d3-41f7-9cf5-3f2d5e9d7c9b;book3_thucydides_utf8.txt;Eurylochus;char-offset:130079;PERSON;origin:Sparta|pleiades:570685|side:Sparthan
4cdf37b4-634a-49d5-8b59-cf1b87412c35;book3_thucydides_utf8.txt;Peloponnesians;char-offset:130098;PERSON;group|origin:Sparta|pleiades:570685|side:Sparthan
30c7ead7-5c18-4b28-a0fc-d26c1a00a9bb;book3_thucydides_utf8.txt;Ambraciots;char-offset:130132;PERSON;origin:Ambracia|pleiades:530794|side:Sparthan|group
06fde128-7fba-4231-bf29-df5217b7dc73;book3_thucydides_utf8.txt;Stratians;char-offset:130392;PERSON;origin:Stratos|pleiades:531104|side:Athenian|group
937f5832-fa42-4f45-904e-16d9eeee0aa3;book3_thucydides_utf8.txt;Stratians;char-offset:130497;PERSON;origin:Stratos|pleiades:531104|side:Athenian|group
79f3c8ce-0f79-46ff-9f2a-8ec3d2163d2a;book3_thucydides_utf8.txt;Agraeans;char-offset:130666;PERSON;origin:Aetolia|pleiades:540591|side:Sparthan|group
e7459a6a-8fe4-48e3-ad4e-40b2a853aab5;book3_thucydides_utf8.txt;Agraeans;char-offset:130753;PERSON;origin:Aetolia|pleiades:540591|side:Sparthan|group
83b07a0c-fdfc-44af-94e3-dab30fd6b6e6;book3_thucydides_utf8.txt;Acarnanian;char-offset:130866;PERSON;group|origin:Acarnania|pleiades:530767|side:Athenian
ac0ac4eb-59c7-4728-bbd3-5b7469b98ff3;book3_thucydides_utf8.txt;Ambraciots;char-offset:130905;PERSON;origin:Ambracia|pleiades:530794|side:Sparthan|group
18c013d1-5507-45b5-a1dc-f2876392042f;book3_thucydides_utf8.txt;Athenians;char-offset:131041;PERSON;group|origin:Athens|pleiades:579885|side:Athenian
dcc2784b-4e1f-400e-876c-9a8d7064b5a1;book3_thucydides_utf8.txt;Argives;char-offset:131115;PERSON;group|origin:Argos|pleiades:570106|side:Athenian
ba310a20-c46c-4b2d-b778-c80607cc2cd6;book3_thucydides_utf8.txt;Demosthenes;char-offset:131129;PERSON;origin:Athens|pleiades:579885|side:Athenian
3cdf8336-5e7b-4cff-a225-3d164556d361;book3_thucydides_utf8.txt;Acarnanians;char-offset:131278;PERSON;origin:Acarnania|pleiades:530767|side:Athenian|group
76eb2165-6935-4ba3-a7a7-dbc6eb4837a4;book3_thucydides_utf8.txt;Amphilochians;char-offset:131307;PERSON;origin:Amphilocia|pleiades:530797|side:Athenian|group
0bb83901-39ac-4992-81d6-66bad6e3fefa;book3_thucydides_utf8.txt;Ambraciots;char-offset:131366;PERSON;origin:Ambracia|pleiades:530794|side:Sparthan|group
7307d5f6-8d7d-4270-a594-41c0b45cf76b;book3_thucydides_utf8.txt;Demosthenes;char-offset:131470;PERSON;origin:Athens|pleiades:579885|side:Athenian
f95ef397-2730-4a26-827e-2ee17959d97f;book3_thucydides_utf8.txt;Demosthenes;char-offset:131562;PERSON;origin:Athens|pleiades:579885|side:Athenian
3440371e-c81b-4392-8611-9653e39a5fc2;book3_thucydides_utf8.txt;Peloponnesians;char-offset:131761;PERSON;group|origin:Sparta|pleiades:570685|side:Sparthan
d091e4c9-14ae-4ac5-a3ea-a7db4a945378;book3_thucydides_utf8.txt;Demosthenes;char-offset:131828;PERSON;origin:Athens|pleiades:579885|side:Athenian
42dce08b-5f29-4c88-91f6-51a3dae707db;book3_thucydides_utf8.txt;Demosthenes;char-offset:132164;PERSON;origin:Athens|pleiades:579885|side:Athenian
2a39c85b-92d4-4046-8fef-33f508404778;book3_thucydides_utf8.txt;Messenians;char-offset:132209;PERSON;origin:Messenia|pleiades:570480|side:Athenian|group
4f32750b-f0de-40e8-b873-cab4dd114a10;book3_thucydides_utf8.txt;Athenians;char-offset:132230;PERSON;group|origin:Athens|pleiades:579885|side:Athenian
91818f27-9f88-4806-9c76-a7700cc2b62b;book3_thucydides_utf8.txt;Acarnanians;char-offset:132314;PERSON;origin:Acarnania|pleiades:530767|side:Athenian|group
e334fd2d-9253-4621-bec9-9bc8e9d57ebc;book3_thucydides_utf8.txt;Peloponnesians;char-offset:132364;PERSON;group|origin:Sparta|pleiades:570685|side:Sparthan
72891b6a-f5da-455a-854b-3da269dc56f2;book3_thucydides_utf8.txt;Ambraciots;char-offset:132383;PERSON;origin:Ambracia|pleiades:530794|side:Sparthan|group
d0266ccc-ac02-4a19-b6cd-470310aa5e1c;book3_thucydides_utf8.txt;Mantineans;char-offset:132454;PERSON;group|origin:Mantineia|pleiades:570459|side:Sparthan
7acb78f3-d1eb-43f3-994b-9fbafd612d8f;book3_thucydides_utf8.txt;Eurylochus;char-offset:132556;PERSON;origin:Sparta|pleiades:570685|side:Sparthan
1204127f-e187-4fbd-bab1-2389557803b3;book3_thucydides_utf8.txt;Messenians;char-offset:132594;PERSON;origin:Messenia|pleiades:570480|side:Athenian|group
81d11fde-ad7f-4032-af3d-b0b93a27b377;book3_thucydides_utf8.txt;Demosthenes;char-offset:132609;PERSON;origin:Athens|pleiades:579885|side:Athenian
729ec891-76bd-457d-8305-b3f247426638;book3_thucydides_utf8.txt;Peloponnesians;char-offset:132631;PERSON;group|origin:Sparta|pleiades:570685|side:Sparthan
f30e8815-5433-4947-b3c9-b02f14a4c2d1;book3_thucydides_utf8.txt;Acarnanians;char-offset:132761;PERSON;origin:Acarnania|pleiades:530767|side:Athenian|group
45459782-56cf-4514-bafa-e9096a9c93f5;book3_thucydides_utf8.txt;Eurylochus;char-offset:133017;PERSON;origin:Sparta|pleiades:570685|side:Sparthan
07fe0a52-7f9d-4d02-938e-eb54e513f568;book3_thucydides_utf8.txt;Demosthenes;char-offset:133094;PERSON;origin:Athens|pleiades:579885|side:Athenian
f28cb6dc-581b-4f7a-a5f2-a85cd8d5d1eb;book3_thucydides_utf8.txt;Messenians;char-offset:133114;PERSON;origin:Messenia|pleiades:570480|side:Athenian|group
877ad04b-2518-4e31-bdde-02c836dc7e89;book3_thucydides_utf8.txt;Ambraciots;char-offset:133187;PERSON;origin:Ambracia|pleiades:530794|side:Sparthan|group
b8c2a698-5c25-4a0b-84bb-1e1eeabf2247;book3_thucydides_utf8.txt;Acarnanians;char-offset:133437;PERSON;origin:Acarnania|pleiades:530767|side:Athenian|group
6ed2194a-f994-44be-9b34-318ffa61c930;book3_thucydides_utf8.txt;Mantineans;char-offset:133584;PERSON;group|origin:Mantineia|pleiades:570459|side:Sparthan
4a47d36f-4e9e-4ae8-9fc2-f73017d05456;book3_thucydides_utf8.txt;Menedaius;char-offset:133730;PERSON;origin:Sparta|pleiades:570685|side:Sparthan
991eefda-40ab-4edc-a9f3-2465ec6278b3;book3_thucydides_utf8.txt;Eurylochus;char-offset:133761;PERSON;origin:Sparta|pleiades:570685|side:Sparthan
998ba5cd-e5bd-46d0-a89b-261cd8c3aab5;book3_thucydides_utf8.txt;Macarius;char-offset:133776;PERSON;origin:Sparta|pleiades:570685|side:Sparthan
ae4aca4a-b1f5-48a2-9396-3e4a42974ae2;book3_thucydides_utf8.txt;Demosthenes;char-offset:134016;PERSON;origin:Athens|pleiades:579885|side:Athenian
9a2d65b3-7f6a-48a5-9f39-34ac061965b1;book3_thucydides_utf8.txt;Acarnanian;char-offset:134036;PERSON;group|origin:Acarnania|pleiades:530767|side:Athenian
698464cb-d042-4e86-bd1c-4fcb19635bbd;book3_thucydides_utf8.txt;Mantineans;char-offset:134390;PERSON;group|origin:Mantineia|pleiades:570459|side:Sparthan
6031b62d-2c17-44d6-8931-d1c6f3e14556;book3_thucydides_utf8.txt;Menedaius;char-offset:134408;PERSON;origin:Sparta|pleiades:570685|side:Sparthan
a6bff600-8c18-407d-8341-854f451a77a0;book3_thucydides_utf8.txt;Peloponnesians;char-offset:134468;PERSON;group|origin:Sparta|pleiades:570685|side:Sparthan
a4e2bb4f-5eb6-42a8-a21a-d92ca91109c6;book3_thucydides_utf8.txt;Demosthenes;char-offset:134486;PERSON;origin:Athens|pleiades:579885|side:Athenian
5c260b4f-05b7-49e3-a2d3-fbb4a1fd7ad0;book3_thucydides_utf8.txt;Acarnanian;char-offset:134506;PERSON;group|origin:Acarnania|pleiades:530767|side:Athenian
94006e54-0a00-45c8-b5f4-327ddf9cd616;book3_thucydides_utf8.txt;Ambraciots;char-offset:134554;PERSON;origin:Ambracia|pleiades:530794|side:Sparthan|group
74dbe77e-5d08-46f3-b2ea-4224c54351d6;book3_thucydides_utf8.txt;Lacedaemonians;char-offset:134656;PERSON;group|origin:Sparta|pleiades:570685|side:Sparthan
6accd00e-dbdd-4b3c-af58-8160752a849a;book3_thucydides_utf8.txt;Peloponnesians;char-offset:134675;PERSON;group|origin:Sparta|pleiades:570685|side:Sparthan
dd49c0c2-0a18-4a79-84dd-55999bfe7c23;book3_thucydides_utf8.txt;Demosthenes;char-offset:134931;PERSON;origin:Athens|pleiades:579885|side:Athenian
b5577d00-b4e6-49f0-8bc1-c9cdb8ba527d;book3_thucydides_utf8.txt;Acarnanians;char-offset:134951;PERSON;origin:Acarnania|pleiades:530767|side:Athenian|group
6c00aee2-1111-4063-868b-83f590caea78;book3_thucydides_utf8.txt;Ambraciots;char-offset:134972;PERSON;origin:Ambracia|pleiades:530794|side:Sparthan|group
95e55e8f-9544-4012-ae6f-e209a9ec8c45;book3_thucydides_utf8.txt;Demosthenes;char-offset:135180;PERSON;origin:Athens|pleiades:579885|side:Athenian
07704f0c-2d26-43dd-8ff9-c27f8b2bb5a5;book3_thucydides_utf8.txt;Mantineans;char-offset:135367;PERSON;group|origin:Mantineia|pleiades:570459|side:Sparthan
e44ffe2b-0495-4119-8770-34f0fb459d03;book3_thucydides_utf8.txt;Ambraciots;char-offset:135669;PERSON;origin:Ambracia|pleiades:530794|side:Sparthan|group
8d3aa38f-b749-4633-b558-7461dada9fbb;book3_thucydides_utf8.txt;Acarnanians;char-offset:135844;PERSON;origin:Acarnania|pleiades:530767|side:Athenian|group
cc9017bf-b5f9-4c36-a827-cbe2d1a009d6;book3_thucydides_utf8.txt;Peloponnesians;char-offset:135947;PERSON;group|origin:Sparta|pleiades:570685|side:Sparthan
e53d936d-bcdc-47e9-a6c1-1dc80b1b5dfc;book3_thucydides_utf8.txt;Mantineans;char-offset:136162;PERSON;group|origin:Mantineia|pleiades:570459|side:Sparthan
fe301119-ebf4-4633-adfe-3c5cd9d429c2;book3_thucydides_utf8.txt;Peloponnesians;char-offset:136177;PERSON;group|origin:Sparta|pleiades:570685|side:Sparthan
20498a75-09d8-424e-b39d-a09a6792d543;book3_thucydides_utf8.txt;Ambraciots;char-offset:136211;PERSON;origin:Ambracia|pleiades:530794|side:Sparthan|group
10a89681-e42a-4f3c-bcbb-60c2fb74ae59;book3_thucydides_utf8.txt;Salynthius;char-offset:136454;PERSON;origin:Aetolia|pleiades:540591|side:Sparthan
7e14c5ad-5ceb-4524-a8cb-5bc056251310;book3_thucydides_utf8.txt;Agraeans;char-offset:136491;PERSON;origin:Aetolia|pleiades:540591|side:Sparthan|group
a3303803-ef63-4344-b048-747e5d9e90a3;book3_thucydides_utf8.txt;Ambraciots;char-offset:136520;PERSON;origin:Ambracia|pleiades:530794|side:Sparthan|group
9b1de89d-44bd-4488-9985-a6be46563b0e;book3_thucydides_utf8.txt;Demosthenes;char-offset:136645;PERSON;origin:Athens|pleiades:579885|side:Athenian
5a3a442f-e7a8-4b7f-a380-4b49ded6d312;book3_thucydides_utf8.txt;Ambraciots;char-offset:136715;PERSON;origin:Ambracia|pleiades:530794|side:Sparthan|group
686a61be-64c7-4a47-9287-6e3e72f91ea9;book3_thucydides_utf8.txt;Demosthenes;char-offset:136807;PERSON;origin:Athens|pleiades:579885|side:Athenian
39e63915-821e-4531-a03d-a10c02bef89b;book3_thucydides_utf8.txt;Ambraciots;char-offset:137010;PERSON;origin:Ambracia|pleiades:530794|side:Sparthan|group
a19e3424-af84-476b-bdc6-7648e85d44ec;book3_thucydides_utf8.txt;Demosthenes;char-offset:137136;PERSON;origin:Athens|pleiades:579885|side:Athenian
550dcd67-769b-484b-858f-d66066d940ba;book3_thucydides_utf8.txt;Messenians;char-offset:137173;PERSON;origin:Messenia|pleiades:570480|side:Athenian|group
7f52f369-3ef2-40a9-b143-7e056c8df909;book3_thucydides_utf8.txt;Amphilochians;char-offset:137562;PERSON;origin:Amphilocia|pleiades:530797|side:Athenian|group
46f65622-3062-4fc2-ab46-ed423ec28e09;book3_thucydides_utf8.txt;Ambraciots;char-offset:137604;PERSON;origin:Ambracia|pleiades:530794|side:Sparthan|group
3b184834-5574-482c-887a-460720beff93;book3_thucydides_utf8.txt;Athenians;char-offset:138122;PERSON;group|origin:Athens|pleiades:579885|side:Athenian
0e1d1354-1fb0-4ece-8ac1-654a2c89018d;book3_thucydides_utf8.txt;Amphilochians;char-offset:138177;PERSON;origin:Amphilocia|pleiades:530797|side:Athenian|group
40510a2f-66c1-4806-8a7c-f183a655b909;book3_thucydides_utf8.txt;Acarnanians;char-offset:138300;PERSON;origin:Acarnania|pleiades:530767|side:Athenian|group
11ed70ad-bfa8-47f5-9594-8870d5c54317;book3_thucydides_utf8.txt;Ambraciots;char-offset:138426;PERSON;origin:Ambracia|pleiades:530794|side:Sparthan|group
dd1f59d0-21c9-49c3-ba47-c85589f89805;book3_thucydides_utf8.txt;Agraeans;char-offset:138468;PERSON;origin:Aetolia|pleiades:540591|side:Sparthan|group
7c7538a4-7ead-4172-b12e-59ec2505677d;book3_thucydides_utf8.txt;Mantineans;char-offset:138588;PERSON;group|origin:Mantineia|pleiades:570459|side:Sparthan
73932a36-a20a-4151-82a3-31e3806e6248;book3_thucydides_utf8.txt;Ambraciots;char-offset:138709;PERSON;origin:Ambracia|pleiades:530794|side:Sparthan|group
7e38391d-a5a8-4de7-b882-1d6e5d8f3dcc;book3_thucydides_utf8.txt;Ambraciots;char-offset:139507;PERSON;origin:Ambracia|pleiades:530794|side:Sparthan|group
5f1978d6-5c24-464c-90f4-2f84efa0dc74;book3_thucydides_utf8.txt;Acarnanians;char-offset:140088;PERSON;origin:Acarnania|pleiades:530767|side:Athenian|group
abfb793b-5556-403b-a78f-04f8fc30a1ed;book3_thucydides_utf8.txt;Amphilochians;char-offset:140104;PERSON;origin:Amphilocia|pleiades:530797|side:Athenian|group
a8204354-4573-4936-9175-1dbde86219f8;book3_thucydides_utf8.txt;Athenians;char-offset:140153;PERSON;group|origin:Athens|pleiades:579885|side:Athenian
eb955f4f-4d29-4f82-9c31-ba6f08eed6c9;book3_thucydides_utf8.txt;Demosthenes;char-offset:140167;PERSON;origin:Athens|pleiades:579885|side:Athenian
a6121a91-2c75-4691-89c3-a98ae639dd71;book3_thucydides_utf8.txt;Athenians;char-offset:140272;PERSON;group|origin:Athens|pleiades:579885|side:Athenian
bc19e1a1-2adf-4f65-bc9d-e5386b866c2e;book3_thucydides_utf8.txt;Acarnanians;char-offset:140365;PERSON;origin:Acarnania|pleiades:530767|side:Athenian|group
01827d96-8ced-4f30-bb54-eb3f87587dfb;book3_thucydides_utf8.txt;Athenians;char-offset:140415;PERSON;group|origin:Athens|pleiades:579885|side:Athenian
bcd0b9b8-0964-47a8-bcdf-76ecfdcead8a;book3_thucydides_utf8.txt;Athenians;char-offset:140497;PERSON;group|origin:Athens|pleiades:579885|side:Athenian
dcc9a844-1982-4cec-bfe4-44a90cd3c094;book3_thucydides_utf8.txt;Acarnanians;char-offset:140623;PERSON;origin:Acarnania|pleiades:530767|side:Athenian|group
e2ef7fd1-bdb7-427e-b618-2013943301d6;book3_thucydides_utf8.txt;Demosthenes;char-offset:140649;PERSON;origin:Athens|pleiades:579885|side:Athenian
9cc0d68d-6598-4870-bef0-313c04ae1e4c;book3_thucydides_utf8.txt;Athenians;char-offset:140813;PERSON;group|origin:Athens|pleiades:579885|side:Athenian
f4628a24-c303-482f-87b0-d72abeba73d9;book3_thucydides_utf8.txt;Acarnanians;char-offset:140875;PERSON;origin:Acarnania|pleiades:530767|side:Athenian|group
f06cd099-038b-4bca-a385-e38d70b46e0b;book3_thucydides_utf8.txt;Amphilochians;char-offset:140891;PERSON;origin:Amphilocia|pleiades:530797|side:Athenian|group
0f49e038-8f23-4d5d-a952-c37783c38c2c;book3_thucydides_utf8.txt;Demosthenes;char-offset:140929;PERSON;origin:Athens|pleiades:579885|side:Athenian
09519b91-b946-43cf-8983-6b2f612cdec2;book3_thucydides_utf8.txt;Ambraciots;char-offset:140972;PERSON;origin:Ambracia|pleiades:530794|side:Sparthan|group
9515d7b4-211d-4e19-8b9b-4d5e7d16e337;book3_thucydides_utf8.txt;Peloponnesians;char-offset:140987;PERSON;group|origin:Sparta|pleiades:570685|side:Sparthan
6948d6c9-c9a9-4b65-ae3b-5035d3e978f0;book3_thucydides_utf8.txt;Salynthius;char-offset:141028;PERSON;origin:Aetolia|pleiades:540591|side:Sparthan
0a93e39a-037f-4b53-9124-236dbd483926;book3_thucydides_utf8.txt;Agraeans;char-offset:141047;PERSON;origin:Aetolia|pleiades:540591|side:Sparthan|group
78aa67b5-aae4-40e4-bdf9-af0a14320ae1;book3_thucydides_utf8.txt;Salynthius;char-offset:141138;PERSON;origin:Aetolia|pleiades:540591|side:Sparthan
aa0499ef-1757-479c-aaf8-78eeb4da86e7;book3_thucydides_utf8.txt;Ambraciots;char-offset:141192;PERSON;origin:Ambracia|pleiades:530794|side:Sparthan|group
ddbf7563-5399-4ea3-aa57-cbc1902d9bb7;book3_thucydides_utf8.txt;Ambraciots;char-offset:141331;PERSON;origin:Ambracia|pleiades:530794|side:Sparthan|group
d58e8f43-adeb-4387-88a6-bd775a0d11e0;book3_thucydides_utf8.txt;Acarnanians;char-offset:141382;PERSON;origin:Acarnania|pleiades:530767|side:Athenian|group
5b0d92fa-ed44-48eb-8561-fc9f3288f799;book3_thucydides_utf8.txt;Peloponnesians;char-offset:141406;PERSON;group|origin:Sparta|pleiades:570685|side:Sparthan
4d730e05-0b9f-470a-969b-a1f41c617678;book3_thucydides_utf8.txt;Acarnanians;char-offset:141430;PERSON;origin:Acarnania|pleiades:530767|side:Athenian|group
71024e62-58ad-4bb3-9818-4d22600610f9;book3_thucydides_utf8.txt;Ambraciots;char-offset:141451;PERSON;origin:Ambracia|pleiades:530794|side:Sparthan|group
f3d2a8df-e31c-4a39-a403-a6dd284a726b;book3_thucydides_utf8.txt;Athenians;char-offset:141474;PERSON;group|origin:Athens|pleiades:579885|side:Athenian
7dfb18c8-b85e-4b02-b1d3-61fa82dc72e0;book3_thucydides_utf8.txt;Ambraciots;char-offset:141502;PERSON;origin:Ambracia|pleiades:530794|side:Sparthan|group
74396065-72e7-4894-9cb1-1b894ce3af30;book3_thucydides_utf8.txt;Amphilochians;char-offset:141575;PERSON;origin:Amphilocia|pleiades:530797|side:Athenian|group
fbe95f1a-1be0-4f80-b9e0-103e857f63e0;book3_thucydides_utf8.txt;Acarnanians;char-offset:141655;PERSON;origin:Acarnania|pleiades:530767|side:Athenian|group
219ed0b7-dc1b-4fe5-86ad-e80d0d125ff9;book3_thucydides_utf8.txt;Corinthians;char-offset:141737;PERSON;group|origin:Corinthus|pleiades:570182|side:Sparthan
db49d0e6-bf35-4ee5-960e-53a0251ceecc;book3_thucydides_utf8.txt;Xenocleides;char-offset:141863;PERSON;origin:Corinthus|pleiades:570182|side:Sparthan
366f2898-0df3-4057-812e-7c6d5fe66a16;book3_thucydides_utf8.txt;Euthycles;char-offset:141883;PERSON;origin:Corinthus|pleiades:570182|side:Sparthan
0e56cda4-f38d-4a41-81cd-3c7c921da033;book3_thucydides_utf8.txt;Athenians;char-offset:142045;PERSON;group|origin:Athens|pleiades:579885|side:Athenian
d6713c2a-44e1-4d2e-a8b6-c830f4ec2c36;book3_thucydides_utf8.txt;Sicels;char-offset:142147;PERSON;group|origin:Scicli|pleiades:462485|side:Athenian
6127069d-3f29-4316-b046-995e26d89a16;book3_thucydides_utf8.txt;Pythodorus;char-offset:142310;PERSON;origin:Athens|pleiades:579885|side:Athenian
1604bfbb-c72e-42dc-bb4f-9ee77e7b5823;book3_thucydides_utf8.txt;Isolochus;char-offset:142329;PERSON;origin:Athens|pleiades:579885|side:Athenian
d1b3e45f-1c56-4e76-941e-0d1062df539d;book3_thucydides_utf8.txt;Laches;char-offset:142358;PERSON;origin:Athens|pleiades:579885|side:Athenian
3838f38a-061c-4167-b408-3fc2436f0dc2;book3_thucydides_utf8.txt;Athenians;char-offset:142456;PERSON;group|origin:Athens|pleiades:579885|side:Athenian
db0393f1-b0bc-4d96-9855-238d07dd2cdc;book3_thucydides_utf8.txt;Syracusans;char-offset:142534;PERSON;group|origin:Syracusae|pleiades:462503|side:Sparthan
0c2ebe7c-9dae-4654-aa33-25f596ad4391;book3_thucydides_utf8.txt;Athenians;char-offset:142696;PERSON;group|origin:Athens|pleiades:579885|side:Athenian
8f97ea11-397f-42ab-a77f-3da6575827fa;book3_thucydides_utf8.txt;Pythodorus;char-offset:142882;PERSON;origin:Athens|pleiades:579885|side:Athenian
63fe9ead-fa09-4539-ac5f-3b0e2bdfc1b6;book3_thucydides_utf8.txt;Sophocles;char-offset:142937;PERSON;origin:Athens|pleiades:579885|side:Athenian
fd0a8b10-dc2a-4f22-9db4-863e12018480;book3_thucydides_utf8.txt;Sostratides;char-offset:142955;PERSON;origin:Athens|pleiades:579885|side:Athenian
1a2efdd4-c6ac-43f2-adcc-491afe3a6c61;book3_thucydides_utf8.txt;Eurymedon;char-offset:142972;PERSON;origin:Athens|pleiades:579885|side:Athenian
9d00d0d9-4177-4af7-83c8-0092c7c7046c;book3_thucydides_utf8.txt;Thucles;char-offset:142990;PERSON;origin:Athens|pleiades:579885|side:Athenian
053566ad-4ad4-4927-a70a-60bc2b8917b5;book3_thucydides_utf8.txt;Pythodorus;char-offset:143058;PERSON;origin:Athens|pleiades:579885|side:Athenian
399e79c0-748f-4e3e-aa29-141a27e34649;book3_thucydides_utf8.txt;Laches;char-offset:143094;PERSON;origin:Athens|pleiades:579885|side:Athenian
242eea82-7c99-4d61-a014-d56665835f8e;book3_thucydides_utf8.txt;Laches;char-offset:143178;PERSON;origin:Athens|pleiades:579885|side:Athenian
e39c4eb8-6804-4ae5-92a1-72f8e9dc1a34;book3_thucydides_utf8.txt;Catanians;char-offset:143397;PERSON;group|origin:Catania|pleiades:462270|side:Athenian
905858df-cb17-46c3-8fee-483639a8ca26;book3_thucydides_utf8.txt;Thucydides;char-offset:143710;PERSON;origin:Athens|pleiades:579885|side:Athenian