UUID;FILE;QUOTE_TRANSCRIPTION;ANCHOR;TYPE;TAGS;origin;pleiades_id;side;anonymous;offset;place_name;latitude;longitude;location_precision
edeef4d7-5405-4431-a25b-5cbf73d470c0;book3_thucydides_utf8.txt;he Athenian horse;char-offset:223;PERSON;group|origin:Athens|pleiades:579885|side:Athenian;Athens;579885;Athenian;TRUE;223.0;Athenae;37.97158606761233;23.723824697002375;rough
246854c3-9427-41fd-800c-056c4adf82b4;book3_thucydides_utf8.txt;Tenedians;char-offset:1090;PERSON;group|origin:Tenedos|pleiades:550911|side:Athenian;Tenedos;550911;Athenian;TRUE;1090.0;Tenedos;39.8343172;26.06963835;precise
8b32e956-52a6-48be-a37d-45ad5ecf101c;book3_thucydides_utf8.txt;Athenians;char-offset:1240;PERSON;group|origin:Athens|pleiades:579885|side:Athenian;Athens;579885;Athenian;TRUE;1240.0;Athenae;37.97158606761233;23.723824697002375;rough
c0b3691f-7807-4bb7-be53-e94fbcb431e2;book3_thucydides_utf8.txt;Athenians;char-offset:1579;PERSON;group|origin:Athens|pleiades:579885|side:Athenian;Athens;579885;Athenian;TRUE;1579.0;Athenae;37.97158606761233;23.723824697002375;rough
b6a15203-4083-470c-ba59-4f1ee386c14c;book3_thucydides_utf8.txt;Cleippides;char-offset:2209;PERSON;origin:Athens|pleiades:579885|side:Athenian;Athens;579885;Athenian;FALSE;2209.0;Athenae;37.97158606761233;23.723824697002375;rough
123ab5b2-b428-497a-a4a1-3365bf1a352b;book3_thucydides_utf8.txt;Deinias;char-offset:2228;PERSON;origin:Athens|pleiades:579885|side:Athenian;Athens;579885;Athenian;FALSE;2228.0;Athenae;37.97158606761233;23.723824697002375;rough
07676771-c3cc-4c49-ae1f-02386e1fba03;book3_thucydides_utf8.txt;Athenians;char-offset:2832;PERSON;group|origin:Athens|pleiades:579885|side:Athenian;Athens;579885;Athenian;TRUE;2832.0;Athenae;37.97158606761233;23.723824697002375;rough
b1d7f020-8ac1-4477-bc58-eb868773ef3a;book3_thucydides_utf8.txt;Athenians;char-offset:3348;PERSON;group|origin:Athens|pleiades:579885|side:Athenian;Athens;579885;Athenian;TRUE;3348.0;Athenae;37.97158606761233;23.723824697002375;rough
49f6f16c-210f-4ea7-8627-d6797bb9cf86;book3_thucydides_utf8.txt;Athenian commanders;char-offset:3883;PERSON;group|origin:Athens|pleiades:579885|side:Athenian;Athens;579885;Athenian;TRUE;3883.0;Athenae;37.97158606761233;23.723824697002375;rough
ade571c6-8088-42d8-a1c4-1f8b27c11c8e;book3_thucydides_utf8.txt;Athenians;char-offset:4188;PERSON;group|origin:Athens|pleiades:579885|side:Athenian;Athens;579885;Athenian;TRUE;4188.0;Athenae;37.97158606761233;23.723824697002375;rough
29f0fa1c-1664-490a-8d86-8ec31cff3590;book3_thucydides_utf8.txt;Athenians;char-offset:4841;PERSON;group|origin:Athens|pleiades:579885|side:Athenian;Athens;579885;Athenian;TRUE;4841.0;Athenae;37.97158606761233;23.723824697002375;rough
837ae33a-bfec-4b60-adb3-8795f2d4d58f;book3_thucydides_utf8.txt;Imbrians;char-offset:4860;PERSON;group|origin:Imbros|pleiades:501439|side:Athenian;Imbros;501439;Athenian;TRUE;4860.0;Imbros (island);40.1633120125065;25.856712893679298;precise
dfe139fb-dde6-4bd6-9db1-9716fe4a7cc1;book3_thucydides_utf8.txt;Lemnians;char-offset:4873;PERSON;group|origin:Lemnos|pleiades:550693|side:Athenian;Lemnos;550693;Athenian;TRUE;4873.0;Lemnos (island);39.90501982246366;25.229093534025623;precise
90fa8897-ec71-4531-9e18-36417b70ca5e;book3_thucydides_utf8.txt;Athenians;char-offset:5682;PERSON;group|origin:Athens|pleiades:579885|side:Athenian;Athens;579885;Athenian;TRUE;5682.0;Athenae;37.97158606761233;23.723824697002375;rough
f0d36f2f-fe3e-4808-9e22-e14ee4fe168f;book3_thucydides_utf8.txt;Athenians;char-offset:6186;PERSON;group|origin:Athens|pleiades:579885|side:Athenian;Athens;579885;Athenian;TRUE;6186.0;Athenae;37.97158606761233;23.723824697002375;rough
3142214e-b2ec-4f8a-8765-cdf16f54dfe7;book3_thucydides_utf8.txt;Athenians;char-offset:6367;PERSON;group|origin:Athens|pleiades:579885|side:Athenian;Athens;579885;Athenian;TRUE;6367.0;Athenae;37.97158606761233;23.723824697002375;rough
3cec1fa3-ffd6-4dad-800a-e1af8f62fcf5;book3_thucydides_utf8.txt;Asopius;char-offset:6458;PERSON;origin:Athens|pleiades:579885|side:Athenian;Athens;579885;Athenian;FALSE;6458.0;Athenae;37.97158606761233;23.723824697002375;rough
2828d5d8-090c-4312-a838-a0ee16a6bc05;book3_thucydides_utf8.txt;Phormio;char-offset:6474;PERSON;origin:Athens|pleiades:579885|side:Athenian;Athens;579885;Athenian;FALSE;6474.0;Athenae;37.97158606761233;23.723824697002375;rough
a04722da-cba8-4b2c-9ec5-89b7aa03cfa6;book3_thucydides_utf8.txt;Acarnanians;char-offset:6487;PERSON;origin:Acarnania|pleiades:530767|side:Athenian|group;Acarnania;530767;Athenian;TRUE;6487.0;Acarnania;38.69172145440447;21.049797905284336;precise
a4439449-2f9d-4589-abd8-37ecf0f451e8;book3_thucydides_utf8.txt;Phormio;char-offset:6567;PERSON;origin:Athens|pleiades:579885|side:Athenian;Athens;579885;Athenian;FALSE;6567.0;Athenae;37.97158606761233;23.723824697002375;rough
2e363416-e056-4fca-a0f4-cb9f48e5e0e4;book3_thucydides_utf8.txt;Asopius;char-offset:6667;PERSON;origin:Athens|pleiades:579885|side:Athenian;Athens;579885;Athenian;FALSE;6667.0;Athenae;37.97158606761233;23.723824697002375;rough
bf62f87e-06ca-46ac-a2f0-5cfcd6d5af50;book3_thucydides_utf8.txt;Acarnanian;char-offset:6792;PERSON;group|origin:Acarnania|pleiades:530767|side:Athenian;Acarnania;530767;Athenian;TRUE;6792.0;Acarnania;38.69172145440447;21.049797905284336;precise
bbb61b1f-72a2-45ec-95d8-0c7272d3609a;book3_thucydides_utf8.txt;Athenians;char-offset:7225;PERSON;group|origin:Athens|pleiades:579885|side:Athenian;Athens;579885;Athenian;TRUE;7225.0;Athenae;37.97158606761233;23.723824697002375;rough
4887837e-c66a-44d0-8e68-45d1a3a19179;book3_thucydides_utf8.txt;Dorieus;char-offset:7580;PERSON;origin:Rhodes|pleiades:589836|side:Athenian;Rhodes;589836;Athenian;FALSE;7580.0;Kamiros;36.33611799050426;27.92123509644663;precise
a0b669ff-54ed-4690-825f-32b7400fb08e;book3_thucydides_utf8.txt;Athenians;char-offset:8315;PERSON;group|origin:Athens|pleiades:579885|side:Athenian;Athens;579885;Athenian;TRUE;8315.0;Athenae;37.97158606761233;23.723824697002375;rough
bde24841-a5fe-47e5-807d-79f75a6c76cf;book3_thucydides_utf8.txt;Athenians;char-offset:8923;PERSON;group|origin:Athens|pleiades:579885|side:Athenian;Athens;579885;Athenian;TRUE;8923.0;Athenae;37.97158606761233;23.723824697002375;rough
b8f8d828-c11e-4ae9-a63d-f68b28e34183;book3_thucydides_utf8.txt;Athenians;char-offset:9069;PERSON;group|origin:Athens|pleiades:579885|side:Athenian;Athens;579885;Athenian;TRUE;9069.0;Athenae;37.97158606761233;23.723824697002375;rough
583adf40-50e6-432f-8365-4bd96c2ad137;book3_thucydides_utf8.txt;Athenians;char-offset:9202;PERSON;group|origin:Athens|pleiades:579885|side:Athenian;Athens;579885;Athenian;TRUE;9202.0;Athenae;37.97158606761233;23.723824697002375;rough
5dbcfc5b-10f8-49d2-83c6-b5055f784426;book3_thucydides_utf8.txt;Athenians;char-offset:13145;PERSON;group|origin:Athens|pleiades:579885|side:Athenian;Athens;579885;Athenian;TRUE;13145.0;Athenae;37.97158606761233;23.723824697002375;rough
7ba92ce4-0115-4fa9-ae4c-ac78fbed15f8;book3_thucydides_utf8.txt;Athenians;char-offset:13255;PERSON;group|origin:Athens|pleiades:579885|side:Athenian;Athens;579885;Athenian;TRUE;13255.0;Athenae;37.97158606761233;23.723824697002375;rough
17d4c802-2611-455c-959f-d3ae96f9b12b;book3_thucydides_utf8.txt;Athenians;char-offset:13702;PERSON;group|origin:Athens|pleiades:579885|side:Athenian;Athens;579885;Athenian;TRUE;13702.0;Athenae;37.97158606761233;23.723824697002375;rough
01518380-1f0f-45b0-9a2e-56f8bccf82c9;book3_thucydides_utf8.txt;Athenians;char-offset:14748;PERSON;group|origin:Athens|pleiades:579885|side:Athenian;Athens;579885;Athenian;TRUE;14748.0;Athenae;37.97158606761233;23.723824697002375;rough
d6b7d5fc-4529-4697-a061-7ef650843067;book3_thucydides_utf8.txt;Athenians;char-offset:16219;PERSON;group|origin:Athens|pleiades:579885|side:Athenian;Athens;579885;Athenian;TRUE;16219.0;Athenae;37.97158606761233;23.723824697002375;rough
8c3de9f5-ffec-40ae-a45a-f4ce72e75817;book3_thucydides_utf8.txt;the citizens of Athens;char-offset:16529;PERSON;group|origin:Athens|pleiades:579885|side:Athenian;Athens;579885;Athenian;TRUE;16529.0;Athenae;37.97158606761233;23.723824697002375;rough
0dce7d6b-9155-45fc-a1b9-29886b60864f;book3_thucydides_utf8.txt;Athenians;char-offset:17256;PERSON;group|origin:Athens|pleiades:579885|side:Athenian;Athens;579885;Athenian;TRUE;17256.0;Athenae;37.97158606761233;23.723824697002375;rough
1c296e56-f3a3-43f8-ba6e-29d51198bb76;book3_thucydides_utf8.txt;Phormio;char-offset:18163;PERSON;origin:Athens|pleiades:579885|side:Athenian;Athens;579885;Athenian;FALSE;18163.0;Athenae;37.97158606761233;23.723824697002375;rough
a94c4197-c957-458c-9d8e-c3fa8349d98b;book3_thucydides_utf8.txt;Athenians;char-offset:19019;PERSON;group|origin:Athens|pleiades:579885|side:Athenian;Athens;579885;Athenian;TRUE;19019.0;Athenae;37.97158606761233;23.723824697002375;rough
f0284e0a-681b-47f8-aa8d-36593926c3fd;book3_thucydides_utf8.txt;Paches;char-offset:19184;PERSON;origin:Athens|pleiades:579885|side:Athenian;Athens;579885;Athenian;FALSE;19184.0;Athenae;37.97158606761233;23.723824697002375;rough
9c5e47f7-4c7f-4c5b-9963-9b0ab507817e;book3_thucydides_utf8.txt;Epicurus;char-offset:19199;PERSON;origin:Athens|pleiades:579885|side:Athenian;Athens;579885;Athenian;FALSE;19199.0;Athenae;37.97158606761233;23.723824697002375;rough
9f0e6270-0ffc-48b4-8512-b5efe3539153;book3_thucydides_utf8.txt;Athenians;char-offset:19527;PERSON;group|origin:Athens|pleiades:579885|side:Athenian;Athens;579885;Athenian;TRUE;19527.0;Athenae;37.97158606761233;23.723824697002375;rough
a1104238-7707-4ee8-af56-c75c9c4ad2c9;book3_thucydides_utf8.txt;Lysicles;char-offset:19741;PERSON;origin:Athens|pleiades:579885|side:Athenian;Athens;579885;Athenian;FALSE;19741.0;Athenae;37.97158606761233;23.723824697002375;rough
12aee37c-74fa-4d34-9e4a-2ca974040f8c;book3_thucydides_utf8.txt;Lysicles;char-offset:19853;PERSON;origin:Athens|pleiades:579885|side:Athenian;Athens;579885;Athenian;FALSE;19853.0;Athenae;37.97158606761233;23.723824697002375;rough
547d3f9d-292a-425a-8ecc-68830d64f50b;book3_thucydides_utf8.txt;Plataeans;char-offset:20087;PERSON;group|origin:Platea|pleiades:541063|side:Athenian;Platea;541063;Athenian;TRUE;20087.0;Plataea;38.221075299999995;23.27353775;precise
f0923186-d336-4ba6-89e7-c4f9279622dc;book3_thucydides_utf8.txt;Athenians;char-offset:20310;PERSON;group|origin:Athens|pleiades:579885|side:Athenian;Athens;579885;Athenian;TRUE;20310.0;Athenae;37.97158606761233;23.723824697002375;rough
373a1525-4653-4bcd-99c8-6863f1561840;book3_thucydides_utf8.txt;Theaenetus;char-offset:20448;PERSON;origin:Athens|pleiades:579885|side:Athenian;Athens;579885;Athenian;FALSE;20448.0;Athenae;37.97158606761233;23.723824697002375;rough
663737e4-aebd-487f-b816-78b4c086385e;book3_thucydides_utf8.txt;Tolmides;char-offset:20467;PERSON;origin:Athens|pleiades:579885|side:Athenian;Athens;579885;Athenian;FALSE;20467.0;Athenae;37.97158606761233;23.723824697002375;rough
913a2b61-dde9-40fb-bae2-d85ca57331d3;book3_thucydides_utf8.txt;Eupompides;char-offset:20495;PERSON;origin:Athens|pleiades:579885|side:Athenian;Athens;579885;Athenian;FALSE;20495.0;Athenae;37.97158606761233;23.723824697002375;rough
b53c9a84-2806-4cd4-a5e8-ea7fd6a02cda;book3_thucydides_utf8.txt;Daimachus;char-offset:20514;PERSON;origin:Athens|pleiades:579885|side:Athenian;Athens;579885;Athenian;FALSE;20514.0;Athenae;37.97158606761233;23.723824697002375;rough
4006212f-1ab6-4bbb-9578-c0f146fe0889;book3_thucydides_utf8.txt;Plataeans;char-offset:21418;PERSON;group|origin:Platea|pleiades:541063|side:Athenian;Platea;541063;Athenian;TRUE;21418.0;Plataea;38.221075299999995;23.27353775;precise
95f8a817-34f8-4986-86a4-1c5f8ce5766a;book3_thucydides_utf8.txt;Plataeans;char-offset:22146;PERSON;group|origin:Platea|pleiades:541063|side:Athenian;Platea;541063;Athenian;TRUE;22146.0;Plataea;38.221075299999995;23.27353775;precise
337ca407-1bc2-453a-a9ef-9a6587793e56;book3_thucydides_utf8.txt;Ammias;char-offset:23064;PERSON;origin:Athens|pleiades:579885|side:Athenian;Athens;579885;Athenian;FALSE;23064.0;Athenae;37.97158606761233;23.723824697002375;rough
33b0ccba-af68-4fdb-ac7f-5daf6f3fbdbc;book3_thucydides_utf8.txt;Coroebus;char-offset:23079;PERSON;origin:Athens|pleiades:579885|side:Athenian;Athens;579885;Athenian;FALSE;23079.0;Athenae;37.97158606761233;23.723824697002375;rough
e2da59b8-ed5e-4305-a88d-bc5e358fe8bd;book3_thucydides_utf8.txt;Plataeans;char-offset:23572;PERSON;group|origin:Platea|pleiades:541063|side:Athenian;Platea;541063;Athenian;TRUE;23572.0;Plataea;38.221075299999995;23.27353775;precise
90998d82-40c9-4c4b-9975-307fc7c37a01;book3_thucydides_utf8.txt;Plataeans;char-offset:23780;PERSON;group|origin:Platea|pleiades:541063|side:Athenian;Platea;541063;Athenian;TRUE;23780.0;Plataea;38.221075299999995;23.27353775;precise
a3e7e074-4b0e-4646-a4ec-dd2b4d4232a6;book3_thucydides_utf8.txt;Plataeans;char-offset:24374;PERSON;group|origin:Platea|pleiades:541063|side:Athenian;Platea;541063;Athenian;TRUE;24374.0;Plataea;38.221075299999995;23.27353775;precise
270c2f66-4c7a-41d7-a58f-d12aed841ffa;book3_thucydides_utf8.txt;Plataeans;char-offset:25604;PERSON;group|origin:Platea|pleiades:541063|side:Athenian;Platea;541063;Athenian;TRUE;25604.0;Plataea;38.221075299999995;23.27353775;precise
ea4c79fc-6fbb-41f2-b0c9-308210203af2;book3_thucydides_utf8.txt;Plataeans;char-offset:26382;PERSON;group|origin:Platea|pleiades:541063|side:Athenian;Platea;541063;Athenian;TRUE;26382.0;Plataea;38.221075299999995;23.27353775;precise
de15961c-c50d-4df6-923f-5642f0597a41;book3_thucydides_utf8.txt;Plataeans;char-offset:26839;PERSON;group|origin:Platea|pleiades:541063|side:Athenian;Platea;541063;Athenian;TRUE;26839.0;Plataea;38.221075299999995;23.27353775;precise
f5a9e1a1-ebda-46b2-af33-9baf4429ccfc;book3_thucydides_utf8.txt;Plataeans;char-offset:27252;PERSON;group|origin:Platea|pleiades:541063|side:Athenian;Platea;541063;Athenian;TRUE;27252.0;Plataea;38.221075299999995;23.27353775;precise
fbdeb5d2-42cc-4daa-96cf-063edfade42e;book3_thucydides_utf8.txt;Plataean party;char-offset:27529;PERSON;group|origin:Platea|pleiades:541063|side:Athenian;Platea;541063;Athenian;TRUE;27529.0;Plataea;38.221075299999995;23.27353775;precise
f121d5ba-df46-4bf0-abef-1b366b198ccc;book3_thucydides_utf8.txt;Thucydides;char-offset:28254;PERSON;origin:Athens|pleiades:579885|side:Athenian;Athens;579885;Athenian;FALSE;28254.0;Athenae;37.97158606761233;23.723824697002375;rough
cfd6a1ce-5d42-44d9-8957-73ef885fcbf0;book3_thucydides_utf8.txt;Athenians;char-offset:28484;PERSON;group|origin:Athens|pleiades:579885|side:Athenian;Athens;579885;Athenian;TRUE;28484.0;Athenae;37.97158606761233;23.723824697002375;rough
a33c9b07-f7a7-45cd-b0bf-c6b3c6889013;book3_thucydides_utf8.txt;Athenians;char-offset:28983;PERSON;group|origin:Athens|pleiades:579885|side:Athenian;Athens;579885;Athenian;TRUE;28983.0;Athenae;37.97158606761233;23.723824697002375;rough
88554e9f-6cd7-447a-80a1-2c53a8180b51;book3_thucydides_utf8.txt;Athenians;char-offset:29594;PERSON;group|origin:Athens|pleiades:579885|side:Athenian;Athens;579885;Athenian;TRUE;29594.0;Athenae;37.97158606761233;23.723824697002375;rough
3f74f8ea-a897-487c-9a7f-fae6e4aff548;book3_thucydides_utf8.txt;Athenians;char-offset:29824;PERSON;group|origin:Athens|pleiades:579885|side:Athenian;Athens;579885;Athenian;TRUE;29824.0;Athenae;37.97158606761233;23.723824697002375;rough
2029cf95-18f6-43b1-98b1-1154c7ba24a0;book3_thucydides_utf8.txt;Athenians;char-offset:30131;PERSON;group|origin:Athens|pleiades:579885|side:Athenian;Athens;579885;Athenian;TRUE;30131.0;Athenae;37.97158606761233;23.723824697002375;rough
22a94ae8-b636-4c2a-9c13-1ee9f5343663;book3_thucydides_utf8.txt;Paches;char-offset:30318;PERSON;origin:Athens|pleiades:579885|side:Athenian;Athens;579885;Athenian;FALSE;30318.0;Athenae;37.97158606761233;23.723824697002375;rough
2712866d-3ae0-4878-b3a4-def80ce6bc1c;book3_thucydides_utf8.txt;Paches;char-offset:30534;PERSON;origin:Athens|pleiades:579885|side:Athenian;Athens;579885;Athenian;FALSE;30534.0;Athenae;37.97158606761233;23.723824697002375;rough
bb6c7790-a485-4582-ae27-5a1632864db7;book3_thucydides_utf8.txt;Paches;char-offset:30895;PERSON;origin:Athens|pleiades:579885|side:Athenian;Athens;579885;Athenian;FALSE;30895.0;Athenae;37.97158606761233;23.723824697002375;rough
71bd5a10-90b7-4bc9-b28e-cc86a17b1b05;book3_thucydides_utf8.txt;Athenians;char-offset:31020;PERSON;group|origin:Athens|pleiades:579885|side:Athenian;Athens;579885;Athenian;TRUE;31020.0;Athenae;37.97158606761233;23.723824697002375;rough
8dc923ba-bf4d-4590-8b0a-1e34659484b7;book3_thucydides_utf8.txt;Paches;char-offset:31052;PERSON;origin:Athens|pleiades:579885|side:Athenian;Athens;579885;Athenian;FALSE;31052.0;Athenae;37.97158606761233;23.723824697002375;rough
2373125e-f2d5-4c53-82df-2f202fc26ed5;book3_thucydides_utf8.txt;Athenians;char-offset:31420;PERSON;group|origin:Athens|pleiades:579885|side:Athenian;Athens;579885;Athenian;TRUE;31420.0;Athenae;37.97158606761233;23.723824697002375;rough
de34dd08-1f94-4c69-8c65-5a22178d3b9d;book3_thucydides_utf8.txt;Athenians;char-offset:31969;PERSON;group|origin:Athens|pleiades:579885|side:Athenian;Athens;579885;Athenian;TRUE;31969.0;Athenae;37.97158606761233;23.723824697002375;rough
e1415fc1-61ef-4a48-8d98-91564cf79d62;book3_thucydides_utf8.txt;Samians;char-offset:33841;PERSON;group|origin:Samia|pleiades:570653|side:Athenian;Samia;570653;Athenian;TRUE;33841.0;Samikon/Samia;37.525886;21.596223;precise
4047ab1c-9bcd-4f66-a8d7-f2f44e4ea689;book3_thucydides_utf8.txt;Chians;char-offset:34203;PERSON;group|origin:Chios|pleiades:550496|side:Athenian;Chios;550496;Athenian;TRUE;34203.0;Chios (settlement);38.3722387;26.132979;precise
a5543b2f-68b1-4422-b7af-bb2189f63c70;book3_thucydides_utf8.txt;Athenians;char-offset:34432;PERSON;group|origin:Athens|pleiades:579885|side:Athenian;Athens;579885;Athenian;TRUE;34432.0;Athenae;37.97158606761233;23.723824697002375;rough
f36bb270-88e7-4e02-9b27-5a2906e92e56;book3_thucydides_utf8.txt;Salaminian;char-offset:34586;PERSON;group|origin:Salaminiae|pleiades:711267|side:Athenian;Salaminiae;711267;Athenian;TRUE;34586.0;Salaminiae;;;rough
60870038-9dbf-4027-b5df-87ca7e356f9e;book3_thucydides_utf8.txt;Paralian galleys;char-offset:34601;PERSON;group|origin:Paralia|pleiades:580058|side:Athenian;Paralia;580058;Athenian;TRUE;34601.0;Paralia;;;rough
7083d1b7-1554-4541-bb3b-23506a9785d8;book3_thucydides_utf8.txt;Paches;char-offset:34873;PERSON;origin:Athens|pleiades:579885|side:Athenian;Athens;579885;Athenian;FALSE;34873.0;Athenae;37.97158606761233;23.723824697002375;rough
3631d1c0-b111-48bd-b2d7-debd5d79447e;book3_thucydides_utf8.txt;Paralian;char-offset:35127;PERSON;group|origin:Paralia|pleiades:580058|side:Athenian;Paralia;580058;Athenian;TRUE;35127.0;Paralia;;;rough
7317a49c-5c9b-45a7-a0f7-fdd604dd0162;book3_thucydides_utf8.txt;Salaminian;char-offset:35140;PERSON;group|origin:Salaminiae|pleiades:711267|side:Athenian;Salaminiae;711267;Athenian;TRUE;35140.0;Salaminiae;;;rough
b65e4812-ca5d-4991-bda8-f4f1049e6047;book3_thucydides_utf8.txt;Paches;char-offset:35228;PERSON;origin:Athens|pleiades:579885|side:Athenian;Athens;579885;Athenian;FALSE;35228.0;Athenae;37.97158606761233;23.723824697002375;rough
1942b40c-7e1f-464b-a317-cad2a85e6ac7;book3_thucydides_utf8.txt;Colophonians;char-offset:35721;PERSON;group|origin:Colophon|pleiades:599577|side:Athenian;Colophon;599577;Athenian;TRUE;35721.0;Colophon;38.108253;27.1483085;precise
407aca5b-db7b-45a0-8f29-07090e325e3b;book3_thucydides_utf8.txt;Colophonians;char-offset:36230;PERSON;group|origin:Colophon|pleiades:599577|side:Athenian;Colophon;599577;Athenian;TRUE;36230.0;Colophon;38.108253;27.1483085;precise
93aff4f8-3343-45c3-9225-d7faf3109846;book3_thucydides_utf8.txt;Paches;char-offset:36338;PERSON;origin:Athens|pleiades:579885|side:Athenian;Athens;579885;Athenian;FALSE;36338.0;Athenae;37.97158606761233;23.723824697002375;rough
544ec2d0-5206-4b44-bd40-5793fadc3dc8;book3_thucydides_utf8.txt;Paches;char-offset:36880;PERSON;origin:Athens|pleiades:579885|side:Athenian;Athens;579885;Athenian;FALSE;36880.0;Athenae;37.97158606761233;23.723824697002375;rough
3b281e56-09a6-41ba-93b1-1cc83fbad8ee;book3_thucydides_utf8.txt;Colophonians;char-offset:36914;PERSON;group|origin:Colophon|pleiades:599577|side:Athenian;Colophon;599577;Athenian;TRUE;36914.0;Colophon;38.108253;27.1483085;precise
a5cf3e76-56b8-4fdf-87a1-73c60387c337;book3_thucydides_utf8.txt;Colophonians;char-offset:37080;PERSON;group|origin:Colophon|pleiades:599577|side:Athenian;Colophon;599577;Athenian;TRUE;37080.0;Colophon;38.108253;27.1483085;precise
0af581df-2d3c-463c-a436-d0ea93005b89;book3_thucydides_utf8.txt;Paches;char-offset:37146;PERSON;origin:Athens|pleiades:579885|side:Athenian;Athens;579885;Athenian;FALSE;37146.0;Athenae;37.97158606761233;23.723824697002375;rough
93d9c343-f857-4aff-a69c-a30a7a00fe9b;book3_thucydides_utf8.txt;Athenians;char-offset:37591;PERSON;group|origin:Athens|pleiades:579885|side:Athenian;Athens;579885;Athenian;TRUE;37591.0;Athenae;37.97158606761233;23.723824697002375;rough
15b6e63f-37c0-4dd6-9702-0f5401d10440;book3_thucydides_utf8.txt;Athenians;char-offset:38160;PERSON;group|origin:Athens|pleiades:579885|side:Athenian;Athens;579885;Athenian;TRUE;38160.0;Athenae;37.97158606761233;23.723824697002375;rough
fbd602bd-c42e-4acd-ad54-a18d3521b4a2;book3_thucydides_utf8.txt;Paches;char-offset:38380;PERSON;origin:Athens|pleiades:579885|side:Athenian;Athens;579885;Athenian;FALSE;38380.0;Athenae;37.97158606761233;23.723824697002375;rough
a7d69479-3dcc-4abd-adbf-bdfa2f3173b8;book3_thucydides_utf8.txt;Cleon;char-offset:39062;PERSON;origin:Athens|pleiades:579885|side:Athenian;Athens;579885;Athenian;FALSE;39062.0;Athenae;37.97158606761233;23.723824697002375;rough
9f7928fb-f494-4d82-835e-ea42bd9df1b3;book3_thucydides_utf8.txt;Cleaenetus;char-offset:39076;PERSON;origin:Athens|pleiades:579885|side:Athenian;Athens;579885;Athenian;FALSE;39076.0;Athenae;37.97158606761233;23.723824697002375;rough
2ecf140d-4ca0-41d6-b9d3-ceee2ab379f5;book3_thucydides_utf8.txt;Cleon;char-offset:48537;PERSON;origin:Athens|pleiades:579885|side:Athenian;Athens;579885;Athenian;FALSE;48537.0;Athenae;37.97158606761233;23.723824697002375;rough
26b5b581-dc01-4a30-84c2-96cb53af2640;book3_thucydides_utf8.txt;Diodotus;char-offset:48554;PERSON;origin:Athens|pleiades:579885|side:Athenian;Athens;579885;Athenian;FALSE;48554.0;Athenae;37.97158606761233;23.723824697002375;rough
7ba9a0df-3428-4bb2-9e52-86421d4a9408;book3_thucydides_utf8.txt;Eucrates;char-offset:48571;PERSON;origin:Athens|pleiades:579885|side:Athenian;Athens;579885;Athenian;FALSE;48571.0;Athenae;37.97158606761233;23.723824697002375;rough
91367bb3-f339-402e-9f3d-befaa79fd22d;book3_thucydides_utf8.txt;Cleon;char-offset:52399;PERSON;origin:Athens|pleiades:579885|side:Athenian;Athens;579885;Athenian;FALSE;52399.0;Athenae;37.97158606761233;23.723824697002375;rough
cdc24a82-b975-4812-a523-7ea6156f2de0;book3_thucydides_utf8.txt;Cleon;char-offset:56802;PERSON;origin:Athens|pleiades:579885|side:Athenian;Athens;579885;Athenian;FALSE;56802.0;Athenae;37.97158606761233;23.723824697002375;rough
aa027492-8464-45db-be53-de2390e87577;book3_thucydides_utf8.txt;Cleon;char-offset:57940;PERSON;origin:Athens|pleiades:579885|side:Athenian;Athens;579885;Athenian;FALSE;57940.0;Athenae;37.97158606761233;23.723824697002375;rough
b50aa0d7-831d-4f1b-b9b2-e67dba8558cd;book3_thucydides_utf8.txt;Cleon;char-offset:58259;PERSON;origin:Athens|pleiades:579885|side:Athenian;Athens;579885;Athenian;FALSE;58259.0;Athenae;37.97158606761233;23.723824697002375;rough
efebe8a4-ff2d-4078-bce4-a00557556ba6;book3_thucydides_utf8.txt;Paches;char-offset:58401;PERSON;origin:Athens|pleiades:579885|side:Athenian;Athens;579885;Athenian;FALSE;58401.0;Athenae;37.97158606761233;23.723824697002375;rough
02145105-7715-4858-8415-a1781949e463;book3_thucydides_utf8.txt;Diodotus;char-offset:58683;PERSON;origin:Athens|pleiades:579885|side:Athenian;Athens;579885;Athenian;FALSE;58683.0;Athenae;37.97158606761233;23.723824697002375;rough
3b846a54-554e-4956-8653-2ba19a88007a;book3_thucydides_utf8.txt;Athenians;char-offset:58791;PERSON;group|origin:Athens|pleiades:579885|side:Athenian;Athens;579885;Athenian;TRUE;58791.0;Athenae;37.97158606761233;23.723824697002375;rough
8152eea0-29ee-4e8c-8e50-d75cf6b6e3fd;book3_thucydides_utf8.txt;Diodotus;char-offset:58940;PERSON;origin:Athens|pleiades:579885|side:Athenian;Athens;579885;Athenian;FALSE;58940.0;Athenae;37.97158606761233;23.723824697002375;rough
d8b55210-b7cb-42f5-9b3f-bba3240b4eaf;book3_thucydides_utf8.txt;Paches;char-offset:59705;PERSON;origin:Athens|pleiades:579885|side:Athenian;Athens;579885;Athenian;FALSE;59705.0;Athenae;37.97158606761233;23.723824697002375;rough
77626a29-0901-4d70-b0ff-152571e43d19;book3_thucydides_utf8.txt;Paches;char-offset:59924;PERSON;origin:Athens|pleiades:579885|side:Athenian;Athens;579885;Athenian;FALSE;59924.0;Athenae;37.97158606761233;23.723824697002375;rough
62899bf9-3c1a-4e18-a632-ae5af7dccdce;book3_thucydides_utf8.txt;Cleon;char-offset:59992;PERSON;origin:Athens|pleiades:579885|side:Athenian;Athens;579885;Athenian;FALSE;59992.0;Athenae;37.97158606761233;23.723824697002375;rough
d25625b1-896a-42d3-88e6-c35905e97fb1;book3_thucydides_utf8.txt;Athenians;char-offset:60027;PERSON;group|origin:Athens|pleiades:579885|side:Athenian;Athens;579885;Athenian;TRUE;60027.0;Athenae;37.97158606761233;23.723824697002375;rough
57a0b952-05b6-4e66-a6e8-ac857dac6721;book3_thucydides_utf8.txt;Athenians;char-offset:60088;PERSON;group|origin:Athens|pleiades:579885|side:Athenian;Athens;579885;Athenian;TRUE;60088.0;Athenae;37.97158606761233;23.723824697002375;rough
fa8165b8-0415-4f1f-856e-d5269d555ee0;book3_thucydides_utf8.txt;Athenians;char-offset:60612;PERSON;group|origin:Athens|pleiades:579885|side:Athenian;Athens;579885;Athenian;TRUE;60612.0;Athenae;37.97158606761233;23.723824697002375;rough
6ccd2ec7-6ac5-437e-ac52-1f699c3d6648;book3_thucydides_utf8.txt;Athenians;char-offset:60866;PERSON;group|origin:Athens|pleiades:579885|side:Athenian;Athens;579885;Athenian;TRUE;60866.0;Athenae;37.97158606761233;23.723824697002375;rough
01df60f1-7ea9-4db1-8ae6-8d61b1ce0e67;book3_thucydides_utf8.txt;Nicias;char-offset:60882;PERSON;origin:Athens|pleiades:579885|side:Athenian;Athens;579885;Athenian;FALSE;60882.0;Athenae;37.97158606761233;23.723824697002375;rough
eda5b335-70b1-4b10-b4e0-0a835d985297;book3_thucydides_utf8.txt;Niceratus;char-offset:60897;PERSON;origin:Athens|pleiades:579885|side:Athenian;Athens;579885;Athenian;FALSE;60897.0;Athenae;37.97158606761233;23.723824697002375;rough
e2118f90-fabb-4b58-a729-c120dbf94b1c;book3_thucydides_utf8.txt;Nicias;char-offset:61064;PERSON;origin:Athens|pleiades:579885|side:Athenian;Athens;579885;Athenian;FALSE;61064.0;Athenae;37.97158606761233;23.723824697002375;rough
296cd208-a835-4e48-a1ee-1074f0f423f6;book3_thucydides_utf8.txt;Athenians;char-offset:61092;PERSON;group|origin:Athens|pleiades:579885|side:Athenian;Athens;579885;Athenian;TRUE;61092.0;Athenae;37.97158606761233;23.723824697002375;rough
4285346c-39d2-4236-9a22-84cce0ff0e41;book3_thucydides_utf8.txt;Plataean;char-offset:61972;PERSON;group|origin:Platea|pleiades:541063|side:Athenian;Platea;541063;Athenian;TRUE;61972.0;Plataea;38.221075299999995;23.27353775;precise
f6f7582d-0899-4c55-ac70-b41607a5e5c3;book3_thucydides_utf8.txt;Plataeans;char-offset:62157;PERSON;group|origin:Platea|pleiades:541063|side:Athenian;Platea;541063;Athenian;TRUE;62157.0;Plataea;38.221075299999995;23.27353775;precise
8443f561-150b-4f2d-84f0-d2cdf9f4bebc;book3_thucydides_utf8.txt;Plataeans;char-offset:62838;PERSON;group|origin:Platea|pleiades:541063|side:Athenian;Platea;541063;Athenian;TRUE;62838.0;Plataea;38.221075299999995;23.27353775;precise
f4721392-6f69-409d-b984-6d23147e9376;book3_thucydides_utf8.txt;Plataeans;char-offset:63155;PERSON;group|origin:Platea|pleiades:541063|side:Athenian;Platea;541063;Athenian;TRUE;63155.0;Plataea;38.221075299999995;23.27353775;precise
316a27b2-d336-4094-9faa-a5338db41921;book3_thucydides_utf8.txt;Plataeans;char-offset:63277;PERSON;group|origin:Platea|pleiades:541063|side:Athenian;Platea;541063;Athenian;TRUE;63277.0;Plataea;38.221075299999995;23.27353775;precise
a80d3299-5f8e-46c0-aa20-4dfe67be6d69;book3_thucydides_utf8.txt;Astymachus;char-offset:63379;PERSON;origin:Platea|pleiades:541063|side:Athenian;Platea;541063;Athenian;FALSE;63379.0;Plataea;38.221075299999995;23.27353775;precise
1fc2de0f-7ed7-4da3-a196-4fcf8dbfe973;book3_thucydides_utf8.txt;Asopolaus;char-offset:63398;PERSON;pleiades:541063|origin:Platea|side:Athenian;Platea;541063;Athenian;FALSE;63398.0;Plataea;38.221075299999995;23.27353775;precise
171a13bc-9871-4317-9848-4cded88137f6;book3_thucydides_utf8.txt;Lacon;char-offset:63413;PERSON;origin:Platea|pleiades:541063|side:Athenian;Platea;541063;Athenian;FALSE;63413.0;Plataea;38.221075299999995;23.27353775;precise
38efe8cf-2ebb-4249-885f-46540c5ff8d1;book3_thucydides_utf8.txt;Aeimnestus;char-offset:63427;PERSON;origin:Platea|pleiades:541063|side:Athenian;Platea;541063;Athenian;FALSE;63427.0;Plataea;38.221075299999995;23.27353775;precise
84fbb558-8933-4af2-b72b-8e82efdaf1f2;book3_thucydides_utf8.txt;Athenians;char-offset:66625;PERSON;group|origin:Athens|pleiades:579885|side:Athenian;Athens;579885;Athenian;TRUE;66625.0;Athenae;37.97158606761233;23.723824697002375;rough
5ab9d68d-7e48-404a-acd7-cb1ad31e5263;book3_thucydides_utf8.txt;Athenians;char-offset:66817;PERSON;group|origin:Athens|pleiades:579885|side:Athenian;Athens;579885;Athenian;TRUE;66817.0;Athenae;37.97158606761233;23.723824697002375;rough
8d336895-d3cf-4303-a83d-7b25fb11d686;book3_thucydides_utf8.txt;Plataeans;char-offset:70224;PERSON;group|origin:Platea|pleiades:541063|side:Athenian;Platea;541063;Athenian;TRUE;70224.0;Plataea;38.221075299999995;23.27353775;precise
447b5d42-31df-43ec-8a69-65e4b21bc405;book3_thucydides_utf8.txt;Plataean;char-offset:71877;PERSON;group|origin:Platea|pleiades:541063|side:Athenian;Platea;541063;Athenian;TRUE;71877.0;Plataea;38.221075299999995;23.27353775;precise
245be090-95b6-421f-a531-3838ee1fdd79;book3_thucydides_utf8.txt;Plataeans;char-offset:74050;PERSON;group|origin:Platea|pleiades:541063|side:Athenian;Platea;541063;Athenian;TRUE;74050.0;Plataea;38.221075299999995;23.27353775;precise
aa0953c4-fba4-4fb6-a9d0-7927092cca24;book3_thucydides_utf8.txt;Plataeans;char-offset:74430;PERSON;group|origin:Platea|pleiades:541063|side:Athenian;Platea;541063;Athenian;TRUE;74430.0;Plataea;38.221075299999995;23.27353775;precise
962cf27a-7175-43cd-abaf-44cee3500cfb;book3_thucydides_utf8.txt;Plataeans;char-offset:74670;PERSON;group|origin:Platea|pleiades:541063|side:Athenian;Platea;541063;Athenian;TRUE;74670.0;Plataea;38.221075299999995;23.27353775;precise
81b2a005-5b02-4d7e-9ad9-6c188d27d293;book3_thucydides_utf8.txt;Plataeans;char-offset:75384;PERSON;group|origin:Platea|pleiades:541063|side:Athenian;Platea;541063;Athenian;TRUE;75384.0;Plataea;38.221075299999995;23.27353775;precise
af840c60-458d-45cf-8dfe-5a8697a8494b;book3_thucydides_utf8.txt;Athenians;char-offset:75617;PERSON;group|origin:Athens|pleiades:579885|side:Athenian;Athens;579885;Athenian;TRUE;75617.0;Athenae;37.97158606761233;23.723824697002375;rough
58ebe3fe-ddda-4926-9c62-0f304a0c23fc;book3_thucydides_utf8.txt;Athenians;char-offset:75913;PERSON;group|origin:Athens|pleiades:579885|side:Athenian;Athens;579885;Athenian;TRUE;75913.0;Athenae;37.97158606761233;23.723824697002375;rough
2b1053c6-fc63-4121-94b1-409ab9f117df;book3_thucydides_utf8.txt;Athenians;char-offset:75973;PERSON;group|origin:Athens|pleiades:579885|side:Athenian;Athens;579885;Athenian;TRUE;75973.0;Athenae;37.97158606761233;23.723824697002375;rough
65a1cdf6-8e52-44f5-9aab-3fa28572bb47;book3_thucydides_utf8.txt;Plataeans;char-offset:76015;PERSON;group|origin:Platea|pleiades:541063|side:Athenian;Platea;541063;Athenian;TRUE;76015.0;Plataea;38.221075299999995;23.27353775;precise
f775632c-72de-4562-9c41-ae7d31228110;book3_thucydides_utf8.txt;Athenians;char-offset:76803;PERSON;group|origin:Athens|pleiades:579885|side:Athenian;Athens;579885;Athenian;TRUE;76803.0;Athenae;37.97158606761233;23.723824697002375;rough
c1f1921d-f254-4c77-8345-8a2aed1e6baf;book3_thucydides_utf8.txt;Athenians;char-offset:77489;PERSON;group|origin:Athens|pleiades:579885|side:Athenian;Athens;579885;Athenian;TRUE;77489.0;Athenae;37.97158606761233;23.723824697002375;rough
03b90446-9a7f-46ba-8133-aeff205b14bb;book3_thucydides_utf8.txt;Athenians;char-offset:78172;PERSON;group|origin:Athens|pleiades:579885|side:Athenian;Athens;579885;Athenian;TRUE;78172.0;Athenae;37.97158606761233;23.723824697002375;rough
89e409f4-fadc-4913-a5fa-947811187ded;book3_thucydides_utf8.txt;Athenians;char-offset:78699;PERSON;group|origin:Athens|pleiades:579885|side:Athenian;Athens;579885;Athenian;TRUE;78699.0;Athenae;37.97158606761233;23.723824697002375;rough
524c67bc-0e29-4cca-baf4-711c2ee73def;book3_thucydides_utf8.txt;Athenians;char-offset:78906;PERSON;group|origin:Athens|pleiades:579885|side:Athenian;Athens;579885;Athenian;TRUE;78906.0;Athenae;37.97158606761233;23.723824697002375;rough
8dcef4bb-cda1-44de-8ca8-a21eea839a26;book3_thucydides_utf8.txt;Athenians;char-offset:79753;PERSON;group|origin:Athens|pleiades:579885|side:Athenian;Athens;579885;Athenian;TRUE;79753.0;Athenae;37.97158606761233;23.723824697002375;rough
4f33290c-6f3f-43dc-bd45-aeb14fc2865f;book3_thucydides_utf8.txt;Plataeans;char-offset:84663;PERSON;pleiades:|group|origin:Platea|pleiades:541063|side:Athenian;Platea;541063;Athenian;TRUE;84663.0;Plataea;38.221075299999995;23.27353775;precise
f1c678ea-d5a6-442e-9879-ec55ace45c34;book3_thucydides_utf8.txt;Plataeans;char-offset:85114;PERSON;group|origin:Platea|pleiades:541063|side:Athenian;Platea;541063;Athenian;TRUE;85114.0;Plataea;38.221075299999995;23.27353775;precise
8237f437-446d-4133-9997-c1bff348c6af;book3_thucydides_utf8.txt;Plataeans;char-offset:85407;PERSON;pleiades:|group|origin:Platea|pleiades:541063|side:Athenian;Platea;541063;Athenian;TRUE;85407.0;Plataea;38.221075299999995;23.27353775;precise
ce42698e-405f-4516-8856-07a734c441de;book3_thucydides_utf8.txt;Athenians;char-offset:85480;PERSON;group|origin:Athens|pleiades:579885|side:Athenian;Athens;579885;Athenian;TRUE;85480.0;Athenae;37.97158606761233;23.723824697002375;rough
000cd366-707c-43fd-91ee-32b1484e5961;book3_thucydides_utf8.txt;Plataeans;char-offset:85660;PERSON;group|origin:Platea|pleiades:541063|side:Athenian;Platea;541063;Athenian;TRUE;85660.0;Plataea;38.221075299999995;23.27353775;precise
76d98096-8367-406b-8def-360cada6d520;book3_thucydides_utf8.txt;Plataeans;char-offset:85931;PERSON;group|origin:Platea|pleiades:541063|side:Athenian;Platea;541063;Athenian;TRUE;85931.0;Plataea;38.221075299999995;23.27353775;precise
21bbd7b7-6fde-4ca7-bfe6-efa244468ff3;book3_thucydides_utf8.txt;Plataean;char-offset:86263;PERSON;group|origin:Platea|pleiades:541063|side:Athenian;Platea;541063;Athenian;TRUE;86263.0;Plataea;38.221075299999995;23.27353775;precise
a0cf80d4-4452-490c-9358-f5dc751f5dd1;book3_thucydides_utf8.txt;Athenians;char-offset:86638;PERSON;group|origin:Athens|pleiades:579885|side:Athenian;Athens;579885;Athenian;TRUE;86638.0;Athenae;37.97158606761233;23.723824697002375;rough
49ef5c3b-ae63-46ed-8459-bb7144d9c5a6;book3_thucydides_utf8.txt;Corcyraeans;char-offset:87728;PERSON;origin:Corcyra|pleiades:530834|side:Athenian|group;Corcyra;530834;Athenian;TRUE;87728.0;Corcyra (settlement);39.60813;19.906703;precise
b070e0d7-6e45-4761-8e8a-f5e6e9981b8c;book3_thucydides_utf8.txt;Athenians;char-offset:87770;PERSON;group|origin:Athens|pleiades:579885|side:Athenian;Athens;579885;Athenian;TRUE;87770.0;Athenae;37.97158606761233;23.723824697002375;rough
0cc9841b-c57c-4c51-b0c2-ad5e9b97866b;book3_thucydides_utf8.txt;Peithias;char-offset:87923;PERSON;origin:Corcyra|pleiades:530834|side:Athenian;Corcyra;530834;Athenian;FALSE;87923.0;Corcyra (settlement);39.60813;19.906703;precise
e55c1fc5-27ae-435e-9bbb-ab75fb7e681a;book3_thucydides_utf8.txt;Athenians;char-offset:87961;PERSON;group|origin:Athens|pleiades:579885|side:Athenian;Athens;579885;Athenian;TRUE;87961.0;Athenae;37.97158606761233;23.723824697002375;rough
7e1c021f-1682-4fc5-8a39-55b616cd3516;book3_thucydides_utf8.txt;Peithias;char-offset:88416;PERSON;origin:Corcyra|pleiades:530834|side:Athenian;Corcyra;530834;Athenian;FALSE;88416.0;Corcyra (settlement);39.60813;19.906703;precise
df1d8e78-9baa-4fac-aeb8-75d931140072;book3_thucydides_utf8.txt;Peithias;char-offset:88580;PERSON;origin:Corcyra|pleiades:530834|side:Athenian;Corcyra;530834;Athenian;FALSE;88580.0;Corcyra (settlement);39.60813;19.906703;precise
6af8aeb1-e730-4642-8c75-b10310428084;book3_thucydides_utf8.txt;Peithias;char-offset:88808;PERSON;origin:Corcyra|pleiades:530834|side:Athenian;Corcyra;530834;Athenian;FALSE;88808.0;Corcyra (settlement);39.60813;19.906703;precise
048db4eb-1693-457e-82d4-c069baf354bc;book3_thucydides_utf8.txt;Peithias;char-offset:88895;PERSON;origin:Corcyra|pleiades:530834|side:Athenian;Corcyra;530834;Athenian;FALSE;88895.0;Corcyra (settlement);39.60813;19.906703;precise
ef8bab47-e2e6-4cb3-a2e4-7091cf7038e6;book3_thucydides_utf8.txt;Corcyraeans;char-offset:89026;PERSON;origin:Corcyra|pleiades:530834|side:Athenian|group;Corcyra;530834;Athenian;TRUE;89026.0;Corcyra (settlement);39.60813;19.906703;precise
0a87600e-3d61-4a89-bcdb-aa656933e671;book3_thucydides_utf8.txt;Athenians;char-offset:89551;PERSON;group|origin:Athens|pleiades:579885|side:Athenian;Athens;579885;Athenian;TRUE;89551.0;Athenae;37.97158606761233;23.723824697002375;rough
df7115ba-0450-40b4-8d6a-4f691a45a4b3;book3_thucydides_utf8.txt;Nicostratus;char-offset:91405;PERSON;origin:Athens|pleiades:579885|side:Athenian;Athens;579885;Athenian;FALSE;91405.0;Athenae;37.97158606761233;23.723824697002375;rough
e96713c8-4dfb-4349-b541-14e3fbe297d7;book3_thucydides_utf8.txt;Diitrephes;char-offset:91425;PERSON;origin:Athens|pleiades:579885|side:Athenian;Athens;579885;Athenian;FALSE;91425.0;Athenae;37.97158606761233;23.723824697002375;rough
1265dad4-1d4a-4dc0-884e-7bc15fb1a62e;book3_thucydides_utf8.txt;Messenian heavy infantry;char-offset:91495;PERSON;group|origin:Messenia|pleiades:570480|side:Athenian;Messenia;570480;Athenian;TRUE;91495.0;Messenia;37.11719301153626;21.895855123442068;precise
5173e38a-a587-4657-aadb-1dfa04dd0584;book3_thucydides_utf8.txt;Athenians;char-offset:91812;PERSON;group|origin:Athens|pleiades:579885|side:Athenian;Athens;579885;Athenian;TRUE;91812.0;Athenae;37.97158606761233;23.723824697002375;rough
dda52297-6e29-4694-95ef-0f70de162cd2;book3_thucydides_utf8.txt;Nicostratus;char-offset:92297;PERSON;origin:Athens|pleiades:579885|side:Athenian;Athens;579885;Athenian;FALSE;92297.0;Athenae;37.97158606761233;23.723824697002375;rough
32bb0dcb-c2fb-42dc-8fb2-8bce3fc6d58d;book3_thucydides_utf8.txt;Nicostratus;char-offset:92623;PERSON;origin:Athens|pleiades:579885|side:Athenian;Athens;579885;Athenian;FALSE;92623.0;Athenae;37.97158606761233;23.723824697002375;rough
779d1b83-a35d-46a4-853f-3aea13be0e67;book3_thucydides_utf8.txt;Corcyraeans;char-offset:93430;PERSON;origin:Corcyra|pleiades:530834|side:Athenian|group;Corcyra;530834;Athenian;TRUE;93430.0;Corcyra (settlement);39.60813;19.906703;precise
b28c9178-ef9e-4ab9-a0f1-f6047ad25fe1;book3_thucydides_utf8.txt;Athenians;char-offset:93669;PERSON;group|origin:Athens|pleiades:579885|side:Athenian;Athens;579885;Athenian;TRUE;93669.0;Athenae;37.97158606761233;23.723824697002375;rough
dadb40aa-b1e1-484c-82d0-03e0718ee1cf;book3_thucydides_utf8.txt;Corcyraeans;char-offset:94083;PERSON;origin:Corcyra|pleiades:530834|side:Athenian|group;Corcyra;530834;Athenian;TRUE;94083.0;Corcyra (settlement);39.60813;19.906703;precise
16d9f463-8c2f-42da-82c6-7c0fe6645021;book3_thucydides_utf8.txt;Corcyraeans;char-offset:94223;PERSON;origin:Corcyra|pleiades:530834|side:Athenian|group;Corcyra;530834;Athenian;TRUE;94223.0;Corcyra (settlement);39.60813;19.906703;precise
12d059a7-41e9-47bc-8978-04b7b8ee92c0;book3_thucydides_utf8.txt;Athenians;char-offset:94606;PERSON;group|origin:Athens|pleiades:579885|side:Athenian;Athens;579885;Athenian;TRUE;94606.0;Athenae;37.97158606761233;23.723824697002375;rough
546d696a-d67d-471a-8ae2-f7801c78ac23;book3_thucydides_utf8.txt;Corcyraeans;char-offset:94721;PERSON;origin:Corcyra|pleiades:530834|side:Athenian|group;Corcyra;530834;Athenian;TRUE;94721.0;Corcyra (settlement);39.60813;19.906703;precise
3c239f4c-0a98-4ba1-91b1-ad2747762ba0;book3_thucydides_utf8.txt;Athenians;char-offset:94867;PERSON;group|origin:Athens|pleiades:579885|side:Athenian;Athens;579885;Athenian;TRUE;94867.0;Athenae;37.97158606761233;23.723824697002375;rough
7a7cb4e6-282b-450f-a77e-fbe70a5c4715;book3_thucydides_utf8.txt;Corcyraeans;char-offset:94975;PERSON;origin:Corcyra|pleiades:530834|side:Athenian|group;Corcyra;530834;Athenian;TRUE;94975.0;Corcyra (settlement);39.60813;19.906703;precise
71df1073-863d-43fa-b261-cdb4b558e7ef;book3_thucydides_utf8.txt;Corcyraeans;char-offset:95124;PERSON;origin:Corcyra|pleiades:530834|side:Athenian|group;Corcyra;530834;Athenian;TRUE;95124.0;Corcyra (settlement);39.60813;19.906703;precise
d89d8d79-8903-4570-bcf0-814be02d8647;book3_thucydides_utf8.txt;Corcyraean vessels;char-offset:95521;PERSON;group|origin:Corcyra|pleiades:530834|side:Athenian;Corcyra;530834;Athenian;TRUE;95521.0;Corcyra (settlement);39.60813;19.906703;precise
c2ce0260-6bd3-471d-aa95-6b501c244510;book3_thucydides_utf8.txt;Athenian vessels;char-offset:96370;PERSON;group|origin:Athens|pleiades:579885|side:Athenian;Athens;579885;Athenian;TRUE;96370.0;Athenae;37.97158606761233;23.723824697002375;rough
4c7193be-8929-4667-a3cf-e4746d3e71da;book3_thucydides_utf8.txt;Eurymedon;char-offset:96421;PERSON;origin:Athens|pleiades:579885|side:Athenian;Athens;579885;Athenian;FALSE;96421.0;Athenae;37.97158606761233;23.723824697002375;rough
be24a7b2-6607-49cf-aeab-10acd96ad3c2;book3_thucydides_utf8.txt;Thucles;char-offset:96439;PERSON;origin:Athens|pleiades:579885|side:Athenian;Athens;579885;Athenian;FALSE;96439.0;Athenae;37.97158606761233;23.723824697002375;rough
238f2579-1a7b-44f2-9dbb-345e4b8adba5;book3_thucydides_utf8.txt;Athenians;char-offset:96479;PERSON;group|origin:Athens|pleiades:579885|side:Athenian;Athens;579885;Athenian;TRUE;96479.0;Athenae;37.97158606761233;23.723824697002375;rough
e4e377d5-d9c6-4128-b5a7-aac8bd37e733;book3_thucydides_utf8.txt;Corcyraeans;char-offset:96797;PERSON;origin:Corcyra|pleiades:530834|side:Athenian|group;Corcyra;530834;Athenian;TRUE;96797.0;Corcyra (settlement);39.60813;19.906703;precise
2b5074d1-8031-4e5e-916e-c97700f514c5;book3_thucydides_utf8.txt;Messenians;char-offset:96906;PERSON;origin:Messenia|pleiades:570480|side:Athenian|group;Messenia;570480;Athenian;TRUE;96906.0;Messenia;37.11719301153626;21.895855123442068;precise
3a0034a2-a5eb-44cb-9a62-337b8a7962b1;book3_thucydides_utf8.txt;Eurymedon;char-offset:97611;PERSON;origin:Athens|pleiades:579885|side:Athenian;Athens;579885;Athenian;FALSE;97611.0;Athenae;37.97158606761233;23.723824697002375;rough
dc40d43a-7e63-4380-9018-e3539995adfc;book3_thucydides_utf8.txt;Corcyraeans;char-offset:97654;PERSON;origin:Corcyra|pleiades:530834|side:Athenian|group;Corcyra;530834;Athenian;TRUE;97654.0;Corcyra (settlement);39.60813;19.906703;precise
8881af9d-792f-4800-ba95-bb52e17a5a3e;book3_thucydides_utf8.txt;Athenians;char-offset:98499;PERSON;group|origin:Athens|pleiades:579885|side:Athenian;Athens;579885;Athenian;TRUE;98499.0;Athenae;37.97158606761233;23.723824697002375;rough
d8fd490f-f1e2-4b63-91e2-1e887ae43abb;book3_thucydides_utf8.txt;Eurymedon;char-offset:105319;PERSON;origin:Athens|pleiades:579885|side:Athenian;Athens;579885;Athenian;FALSE;105319.0;Athenae;37.97158606761233;23.723824697002375;rough
aaa0f0d3-478b-44eb-837c-64232663f469;book3_thucydides_utf8.txt;Athenians;char-offset:106152;PERSON;group|origin:Athens|pleiades:579885|side:Athenian;Athens;579885;Athenian;TRUE;106152.0;Athenae;37.97158606761233;23.723824697002375;rough
7ff540a1-0669-45ff-9319-958ef0c9dc76;book3_thucydides_utf8.txt;Laches;char-offset:106201;PERSON;origin:Athens|pleiades:579885|side:Athenian;Athens;579885;Athenian;FALSE;106201.0;Athenae;37.97158606761233;23.723824697002375;rough
e0ea55b7-66d1-4f0f-a98c-00cef2c67fc3;book3_thucydides_utf8.txt;Melanopus;char-offset:106216;PERSON;origin:Athens|pleiades:579885|side:Athenian;Athens;579885;Athenian;FALSE;106216.0;Athenae;37.97158606761233;23.723824697002375;rough
6ebaa810-1b0d-42c1-af19-e3d42fb374f8;book3_thucydides_utf8.txt;Charceades;char-offset:106231;PERSON;origin:Athens|pleiades:579885|side:Athenian;Athens;579885;Athenian;FALSE;106231.0;Athenae;37.97158606761233;23.723824697002375;rough
b4af3483-a170-43ec-a6ea-afd87ae76f94;book3_thucydides_utf8.txt;Euphiletus;char-offset:106250;PERSON;origin:Athens|pleiades:579885|side:Athenian;Athens;579885;Athenian;FALSE;106250.0;Athenae;37.97158606761233;23.723824697002375;rough
087a5d95-b617-459a-8a54-3fc4424a6c8e;book3_thucydides_utf8.txt;Leontines;char-offset:106302;PERSON;group|origin:leontini|pleiades:462279|side:Athenian;leontini;462279;Athenian;TRUE;106302.0;Leontini;37.285478;14.998115;precise
0ae841ae-1b98-45d1-9da9-cdae5c34a1a6;book3_thucydides_utf8.txt;Leontines;char-offset:106536;PERSON;group|origin:leontini|pleiades:462279|side:Athenian;leontini;462279;Athenian;TRUE;106536.0;Leontini;37.285478;14.998115;precise
a0598a49-ac64-470b-b207-e55892269aa7;book3_thucydides_utf8.txt;Rhegians;char-offset:106637;PERSON;origin:Rhegion|pleiades:455268|side:Athenian|group;Rhegion;455268;Athenian;TRUE;106637.0;Untitled;38.75;16.0;rough
dfbfc209-4710-456c-94b8-553c6f004216;book3_thucydides_utf8.txt;Leontines;char-offset:106696;PERSON;group|origin:leontini|pleiades:462279|side:Athenian;leontini;462279;Athenian;TRUE;106696.0;Leontini;37.285478;14.998115;precise
183a0f02-14bf-43be-bb5f-2c0dc116b163;book3_thucydides_utf8.txt;Athenians;char-offset:106808;PERSON;group|origin:Athens|pleiades:579885|side:Athenian;Athens;579885;Athenian;TRUE;106808.0;Athenae;37.97158606761233;23.723824697002375;rough
f72a793f-cc56-4352-886f-31da3eb58ebc;book3_thucydides_utf8.txt;Athenians;char-offset:106904;PERSON;group|origin:Athens|pleiades:579885|side:Athenian;Athens;579885;Athenian;TRUE;106904.0;Athenae;37.97158606761233;23.723824697002375;rough
22a1cb33-b12a-4842-a08d-1616bcc16644;book3_thucydides_utf8.txt;Athenians;char-offset:107314;PERSON;group|origin:Athens|pleiades:579885|side:Athenian;Athens;579885;Athenian;TRUE;107314.0;Athenae;37.97158606761233;23.723824697002375;rough
64cdb8e9-7474-49cf-a84c-b450e24bb1ac;book3_thucydides_utf8.txt;Athenians;char-offset:107533;PERSON;group|origin:Athens|pleiades:579885|side:Athenian;Athens;579885;Athenian;TRUE;107533.0;Athenae;37.97158606761233;23.723824697002375;rough
b6e18b83-95e0-4394-9ea2-aac301c899cb;book3_thucydides_utf8.txt;Athenians;char-offset:107922;PERSON;group|origin:Athens|pleiades:579885|side:Athenian;Athens;579885;Athenian;TRUE;107922.0;Athenae;37.97158606761233;23.723824697002375;rough
a2b1ca3d-f435-4bba-b40e-8160913e4f58;book3_thucydides_utf8.txt;Rhegians;char-offset:107950;PERSON;origin:Rhegion|pleiades:455268|side:Athenian|group;Rhegion;455268;Athenian;TRUE;107950.0;Untitled;38.75;16.0;rough
4744a4af-ce4b-48ed-8d1d-518a0d4950a0;book3_thucydides_utf8.txt;Sicels;char-offset:108514;PERSON;group|origin:Scicli|pleiades:462485|side:Athenian;Scicli;462485;Athenian;TRUE;108514.0;Scicli;36.791428;14.702367;precise
7523cf5d-aa91-450d-8aac-5105b6f4aed9;book3_thucydides_utf8.txt;Athenians;char-offset:108579;PERSON;group|origin:Athens|pleiades:579885|side:Athenian;Athens;579885;Athenian;TRUE;108579.0;Athenae;37.97158606761233;23.723824697002375;rough
c2970bca-65e9-4b5e-bedf-c2d6c85ce1fe;book3_thucydides_utf8.txt;Thucydides;char-offset:108753;PERSON;origin:Athens|pleiades:579885|side:Athenian;Athens;579885;Athenian;FALSE;108753.0;Athenae;37.97158606761233;23.723824697002375;rough
19a02a1b-9bd7-4d73-a632-9159254dfcf2;book3_thucydides_utf8.txt;Athenians;char-offset:110245;PERSON;group|origin:Athens|pleiades:579885|side:Athenian;Athens;579885;Athenian;TRUE;110245.0;Athenae;37.97158606761233;23.723824697002375;rough
674b524f-437e-4c9a-a416-5adfbc2dde95;book3_thucydides_utf8.txt;Athenians;char-offset:110332;PERSON;group|origin:Athens|pleiades:579885|side:Athenian;Athens;579885;Athenian;TRUE;110332.0;Athenae;37.97158606761233;23.723824697002375;rough
418e9846-9549-4816-b481-4b24163ed381;book3_thucydides_utf8.txt;Charoeades;char-offset:110420;PERSON;origin:Athens|pleiades:579885|side:Athenian;Athens;579885;Athenian;FALSE;110420.0;Athenae;37.97158606761233;23.723824697002375;rough
0605c438-b51d-4f67-ac8c-77d37b1e4e7c;book3_thucydides_utf8.txt;Laches;char-offset:110473;PERSON;origin:Athens|pleiades:579885|side:Athenian;Athens;579885;Athenian;FALSE;110473.0;Athenae;37.97158606761233;23.723824697002375;rough
f7b19003-f01f-42c1-8cda-cb9df1276499;book3_thucydides_utf8.txt;Athenians;char-offset:110761;PERSON;group|origin:Athens|pleiades:579885|side:Athenian;Athens;579885;Athenian;TRUE;110761.0;Athenae;37.97158606761233;23.723824697002375;rough
e8a04cba-0352-4acb-a45e-84aa7ea70bd7;book3_thucydides_utf8.txt;Athenians;char-offset:110979;PERSON;group|origin:Athens|pleiades:579885|side:Athenian;Athens;579885;Athenian;TRUE;110979.0;Athenae;37.97158606761233;23.723824697002375;rough
4a313e2e-ca3a-4804-9923-8a7f8a9b49c1;book3_thucydides_utf8.txt;Athenians;char-offset:111084;PERSON;group|origin:Athens|pleiades:579885|side:Athenian;Athens;579885;Athenian;TRUE;111084.0;Athenae;37.97158606761233;23.723824697002375;rough
a934a450-8693-482f-ba78-298706bffae6;book3_thucydides_utf8.txt;Demosthenes;char-offset:111136;PERSON;origin:Athens|pleiades:579885|side:Athenian;Athens;579885;Athenian;FALSE;111136.0;Athenae;37.97158606761233;23.723824697002375;rough
f90c283f-74ba-4704-98d9-ed211826777d;book3_thucydides_utf8.txt;Alcisthenes;char-offset:111156;PERSON;origin:Athens|pleiades:579885|side:Athenian;Athens;579885;Athenian;FALSE;111156.0;Athenae;37.97158606761233;23.723824697002375;rough
23751744-0ed0-47a3-869e-6590cf90a393;book3_thucydides_utf8.txt;Procles;char-offset:111173;PERSON;origin:Athens|pleiades:579885|side:Athenian;Athens;579885;Athenian;FALSE;111173.0;Athenae;37.97158606761233;23.723824697002375;rough
ff309b75-b9ef-4297-9be2-0dba91216993;book3_thucydides_utf8.txt;Theodorus;char-offset:111189;PERSON;origin:Athens|pleiades:579885|side:Athenian;Athens;579885;Athenian;FALSE;111189.0;Athenae;37.97158606761233;23.723824697002375;rough
2de49bcf-6d47-46d5-aeda-820607fb958e;book3_thucydides_utf8.txt;Nicias;char-offset:111273;PERSON;origin:Athens|pleiades:579885|side:Athenian;Athens;579885;Athenian;FALSE;111273.0;Athenae;37.97158606761233;23.723824697002375;rough
cbc86e7f-eefc-4c1a-9636-a2c3eeb3d59f;book3_thucydides_utf8.txt;Niceratus;char-offset:111288;PERSON;origin:Athens|pleiades:579885|side:Athenian;Athens;579885;Athenian;FALSE;111288.0;Athenae;37.97158606761233;23.723824697002375;rough
73e82e67-5401-4d0e-8b74-efd5a29d7451;book3_thucydides_utf8.txt;Hipponicus;char-offset:111783;PERSON;origin:Athens|pleiades:579885|side:Athenian;Athens;579885;Athenian;FALSE;111783.0;Athenae;37.97158606761233;23.723824697002375;rough
5c50b24e-1792-4998-87e6-db5fc58478b4;book3_thucydides_utf8.txt;Callias;char-offset:111802;PERSON;origin:Athens|pleiades:579885|side:Athenian;Athens;579885;Athenian;FALSE;111802.0;Athenae;37.97158606761233;23.723824697002375;rough
88b5ee89-0f7d-4449-8c9d-663b1140a35b;book3_thucydides_utf8.txt;Eurymedon;char-offset:111815;PERSON;origin:Athens|pleiades:579885|side:Athenian;Athens;579885;Athenian;FALSE;111815.0;Athenae;37.97158606761233;23.723824697002375;rough
8a2b25b6-507c-4f01-9a60-4fcf1f733e04;book3_thucydides_utf8.txt;Thucles;char-offset:111833;PERSON;origin:Athens|pleiades:579885|side:Athenian;Athens;579885;Athenian;FALSE;111833.0;Athenae;37.97158606761233;23.723824697002375;rough
ac8d5239-f66e-4a66-b5af-6ed3a6cb3adf;book3_thucydides_utf8.txt;Nicias;char-offset:112194;PERSON;origin:Athens|pleiades:579885|side:Athenian;Athens;579885;Athenian;FALSE;112194.0;Athenae;37.97158606761233;23.723824697002375;rough
c83fc1fc-82b4-4707-8f95-41ede1ff5469;book3_thucydides_utf8.txt;Oetaeans;char-offset:112585;PERSON;group|origin:Oeta|pleiades:540968|side:Athenian;Oeta;540968;Athenian;TRUE;112585.0;Oeta (mountain);38.804382700000005;22.2692091;precise
01d8a734-046d-4c5a-8af3-c523c91f1566;book3_thucydides_utf8.txt;Athenians;char-offset:113194;PERSON;group|origin:Athens|pleiades:579885|side:Athenian;Athens;579885;Athenian;TRUE;113194.0;Athenae;37.97158606761233;23.723824697002375;rough
7230d5b4-1b52-4bc1-ac88-cb5e12cb38fd;book3_thucydides_utf8.txt;Thessalians;char-offset:114414;PERSON;group|origin:Thessalia|pleiades:1332|side:Athenian;Thessalia;1332;Athenian;TRUE;114414.0;Thessalia;39.443868328499015;22.295432296217363;rough
6ead4723-ed4d-4c56-b0ad-64e9c83a467c;book3_thucydides_utf8.txt;Athenians;char-offset:115238;PERSON;group|origin:Athens|pleiades:579885|side:Athenian;Athens;579885;Athenian;TRUE;115238.0;Athenae;37.97158606761233;23.723824697002375;rough
2018516b-ba96-4ba0-8e92-408c2e9db3aa;book3_thucydides_utf8.txt;Acarnanians;char-offset:115522;PERSON;origin:Acarnania|pleiades:530767|side:Athenian|group;Acarnania;530767;Athenian;TRUE;115522.0;Acarnania;38.69172145440447;21.049797905284336;precise
cca54571-e62e-49a8-a8a8-443712c19069;book3_thucydides_utf8.txt;Zacynthians;char-offset:115562;PERSON;origin:Zacynthus|pleiades:531154|side:Athenian|group;Zacynthus;531154;Athenian;TRUE;115562.0;Zakythos/Zacynthus (settlement);37.791389;20.895278;precise
f6bb7ed6-36ef-4b65-9e27-700b86272209;book3_thucydides_utf8.txt;Cephallenans;char-offset:115578;PERSON;orign:Cephallania|pleiades:530826|side:Athenian|group;;530826;Athenian;TRUE;115578.0;Cephallania (island);38.24942238382119;20.547402460941218;precise
ee5c5990-6a43-4347-a169-29258ae2aa34;book3_thucydides_utf8.txt;Acarnanians;char-offset:115867;PERSON;origin:Acarnania|pleiades:530767|side:Athenian|group;Acarnania;530767;Athenian;TRUE;115867.0;Acarnania;38.69172145440447;21.049797905284336;precise
205626a5-255b-4017-b12a-5bdbb64ff830;book3_thucydides_utf8.txt;Demosthenes;char-offset:115885;PERSON;origin:Athens|pleiades:579885|side:Athenian;Athens;579885;Athenian;FALSE;115885.0;Athenae;37.97158606761233;23.723824697002375;rough
554dc832-4565-4755-859b-bebf3a983fec;book3_thucydides_utf8.txt;Demosthenes;char-offset:116106;PERSON;origin:Athens|pleiades:579885|side:Athenian;Athens;579885;Athenian;FALSE;116106.0;Athenae;37.97158606761233;23.723824697002375;rough
f00562f4-e237-418d-b0ba-3448edff0cdc;book3_thucydides_utf8.txt;Messenians;char-offset:116169;PERSON;origin:Messenia|pleiades:570480|side:Athenian|group;Messenia;570480;Athenian;TRUE;116169.0;Messenia;37.11719301153626;21.895855123442068;precise
8881435f-28e8-4eb6-a5d8-658f91c3e618;book3_thucydides_utf8.txt;Athenians;char-offset:116426;PERSON;group|origin:Athens|pleiades:579885|side:Athenian;Athens;579885;Athenian;TRUE;116426.0;Athenae;37.97158606761233;23.723824697002375;rough
0cd88dc7-6a72-4024-a049-f61247f91bdf;book3_thucydides_utf8.txt;Messenians;char-offset:116607;PERSON;origin:Messenia|pleiades:570480|side:Athenian|group;Messenia;570480;Athenian;TRUE;116607.0;Messenia;37.11719301153626;21.895855123442068;precise
7a0ac2cf-6731-454c-89ed-822f91e666cd;book3_thucydides_utf8.txt;Demosthenes;char-offset:117011;PERSON;origin:Athens|pleiades:579885|side:Athenian;Athens;579885;Athenian;FALSE;117011.0;Athenae;37.97158606761233;23.723824697002375;rough
43ce5957-3668-471c-b668-8b93025d55d9;book3_thucydides_utf8.txt;Messenians;char-offset:117057;PERSON;origin:Messenia|pleiades:570480|side:Athenian|group;Messenia;570480;Athenian;TRUE;117057.0;Messenia;37.11719301153626;21.895855123442068;precise
00c75edf-ac42-4d64-b50f-2972a3c428bb;book3_thucydides_utf8.txt;Acarnanians;char-offset:117595;PERSON;origin:Acarnania|pleiades:530767|side:Athenian|group;Acarnania;530767;Athenian;TRUE;117595.0;Acarnania;38.69172145440447;21.049797905284336;precise
7fcb6b4c-3588-454d-9c07-98263e437df3;book3_thucydides_utf8.txt;Cephallenians;char-offset:117840;PERSON;group|origin:Cephallania|pleiades:530826|side:Athenian;Cephallania;530826;Athenian;TRUE;117840.0;Cephallania (island);38.24942238382119;20.547402460941218;precise
05869311-af05-4f08-9a25-a01669827b39;book3_thucydides_utf8.txt;Messenians;char-offset:117859;PERSON;origin:Messenia|pleiades:570480|side:Athenian|group;Messenia;570480;Athenian;TRUE;117859.0;Messenia;37.11719301153626;21.895855123442068;precise
26c7083d-aa40-4681-aa7f-25e220f19afe;book3_thucydides_utf8.txt;Zacynthians;char-offset:117875;PERSON;origin:Zacynthus|pleiades:531154|side:Athenian|group;Zacynthus;531154;Athenian;TRUE;117875.0;Zakythos/Zacynthus (settlement);37.791389;20.895278;precise
48a7a26c-d95b-49c3-8bba-31075458f5bd;book3_thucydides_utf8.txt;Corcyraean vessels;char-offset:117955;PERSON;group|origin:Corcyra|pleiades:530834|side:Athenian;Corcyra;530834;Athenian;TRUE;117955.0;Corcyra (settlement);39.60813;19.906703;precise
62b95a64-945e-4dde-8870-0d1368f43cc4;book3_thucydides_utf8.txt;Demosthenes;char-offset:118630;PERSON;origin:Athens|pleiades:579885|side:Athenian;Athens;579885;Athenian;FALSE;118630.0;Athenae;37.97158606761233;23.723824697002375;rough
5af7d4eb-311c-4c03-8e5e-609bb001ae22;book3_thucydides_utf8.txt;Messenians;char-offset:119328;PERSON;origin:Messenia|pleiades:570480|side:Athenian|group;Messenia;570480;Athenian;TRUE;119328.0;Messenia;37.11719301153626;21.895855123442068;precise
c6ebc839-02cc-4236-ae5e-137d00fcd314;book3_thucydides_utf8.txt;Demosthenes;char-offset:119392;PERSON;origin:Athens|pleiades:579885|side:Athenian;Athens;579885;Athenian;FALSE;119392.0;Athenae;37.97158606761233;23.723824697002375;rough
26d3ee8e-aab2-4968-a51a-c4bf65e12bfb;book3_thucydides_utf8.txt;Athenians;char-offset:120115;PERSON;group|origin:Athens|pleiades:579885|side:Athenian;Athens;579885;Athenian;TRUE;120115.0;Athenae;37.97158606761233;23.723824697002375;rough
21a67699-f5fd-46fc-9298-13648e615c3f;book3_thucydides_utf8.txt;Athenians;char-offset:120403;PERSON;group|origin:Athens|pleiades:579885|side:Athenian;Athens;579885;Athenian;TRUE;120403.0;Athenae;37.97158606761233;23.723824697002375;rough
416185e6-6ac0-44d4-97d9-9d6f6d579bb5;book3_thucydides_utf8.txt;Chromon;char-offset:120920;PERSON;origin:Messenia|pleiades:570480|side:Athenian;Messenia;570480;Athenian;FALSE;120920.0;Messenia;37.11719301153626;21.895855123442068;precise
b40158dc-ee80-4b8c-bb1c-ded7195bcadd;book3_thucydides_utf8.txt;Procles;char-offset:121710;PERSON;origin:Athens|pleiades:579885|side:Athenian;Athens;579885;Athenian;FALSE;121710.0;Athenae;37.97158606761233;23.723824697002375;rough
74b929ae-4d35-48ea-ade0-c465a4e1a64f;book3_thucydides_utf8.txt;Demosthenes;char-offset:121736;PERSON;origin:Athens|pleiades:579885|side:Athenian;Athens;579885;Athenian;FALSE;121736.0;Athenae;37.97158606761233;23.723824697002375;rough
111837e4-e57a-4fbe-b6ed-d7bb92bb9673;book3_thucydides_utf8.txt;Athenians;char-offset:121767;PERSON;group|origin:Athens|pleiades:579885|side:Athenian;Athens;579885;Athenian;TRUE;121767.0;Athenae;37.97158606761233;23.723824697002375;rough
e23ad92f-94e4-479d-ae86-4f4db45100d0;book3_thucydides_utf8.txt;Demosthenes;char-offset:121901;PERSON;origin:Athens|pleiades:579885|side:Athenian;Athens;579885;Athenian;FALSE;121901.0;Athenae;37.97158606761233;23.723824697002375;rough
b3b60cf9-f0b3-4993-bf2f-21e0a2f3a359;book3_thucydides_utf8.txt;Athenians;char-offset:121991;PERSON;group|origin:Athens|pleiades:579885|side:Athenian;Athens;579885;Athenian;TRUE;121991.0;Athenae;37.97158606761233;23.723824697002375;rough
c47ccea8-52c7-41f4-a406-211d8dc423d9;book3_thucydides_utf8.txt;Athenians;char-offset:122049;PERSON;group|origin:Athens|pleiades:579885|side:Athenian;Athens;579885;Athenian;TRUE;122049.0;Athenae;37.97158606761233;23.723824697002375;rough
2fc1425d-b8a0-4b24-8bca-b4836c6cfe8d;book3_thucydides_utf8.txt;Demosthenes;char-offset:124154;PERSON;origin:Athens|pleiades:579885|side:Athenian;Athens;579885;Athenian;FALSE;124154.0;Athenae;37.97158606761233;23.723824697002375;rough
f8b29f92-3ab5-4207-90f2-a2ee59356a54;book3_thucydides_utf8.txt;Acarnanians;char-offset:124307;PERSON;origin:Acarnania|pleiades:530767|side:Athenian|group;Acarnania;530767;Athenian;TRUE;124307.0;Acarnania;38.69172145440447;21.049797905284336;precise
30575755-3426-4922-8cb8-d7efbafb2b71;book3_thucydides_utf8.txt;Athenians;char-offset:125467;PERSON;group|origin:Athens|pleiades:579885|side:Athenian;Athens;579885;Athenian;TRUE;125467.0;Athenae;37.97158606761233;23.723824697002375;rough
61335cc1-5ce3-44e9-a8ee-5cb29e085530;book3_thucydides_utf8.txt;Athenians;char-offset:125821;PERSON;group|origin:Athens|pleiades:579885|side:Athenian;Athens;579885;Athenian;TRUE;125821.0;Athenae;37.97158606761233;23.723824697002375;rough
5691a9de-86ae-43ac-b3d4-edf4e3db476b;book3_thucydides_utf8.txt;Laches;char-offset:125954;PERSON;origin:Athens|pleiades:579885|side:Athenian;Athens;579885;Athenian;FALSE;125954.0;Athenae;37.97158606761233;23.723824697002375;rough
1991c9b6-13cc-4c76-b9f0-ab32994e2303;book3_thucydides_utf8.txt;Athenians;char-offset:125969;PERSON;group|origin:Athens|pleiades:579885|side:Athenian;Athens;579885;Athenian;TRUE;125969.0;Athenae;37.97158606761233;23.723824697002375;rough
10c07c60-fd16-4e11-8862-7801e081c8ca;book3_thucydides_utf8.txt;Athenians;char-offset:126183;PERSON;group|origin:Athens|pleiades:579885|side:Athenian;Athens;579885;Athenian;TRUE;126183.0;Athenae;37.97158606761233;23.723824697002375;rough
52ed4d76-bd38-4737-a25f-98df489f9a10;book3_thucydides_utf8.txt;Pisistratus;char-offset:126290;PERSON;origin:Athens|pleiades:579885|side:Athenian;Athens;579885;Athenian;FALSE;126290.0;Athenae;37.97158606761233;23.723824697002375;rough
28fa0356-ff99-476c-976d-bac95cb567b9;book3_thucydides_utf8.txt;Polycrates;char-offset:126726;PERSON;origin:Samos|pleiades:599926|side:Athenian;Samos;599926;Athenian;FALSE;126726.0;Samos (island);37.73246007056743;26.839125346712173;precise
f4d924aa-ddb5-4dfb-a3a7-856d2e608cb7;book3_thucydides_utf8.txt;Athenians;char-offset:128445;PERSON;group|origin:Athens|pleiades:579885|side:Athenian;Athens;579885;Athenian;TRUE;128445.0;Athenae;37.97158606761233;23.723824697002375;rough
6b3988fd-7466-4bf3-a841-3b0c98ba370d;book3_thucydides_utf8.txt;Athenians;char-offset:128606;PERSON;group|origin:Athens|pleiades:579885|side:Athenian;Athens;579885;Athenian;TRUE;128606.0;Athenae;37.97158606761233;23.723824697002375;rough
6260026b-98f7-44e8-a0bf-d62e8ebc70a9;book3_thucydides_utf8.txt;Acarnanians;char-offset:128990;PERSON;origin:Acarnania|pleiades:530767|side:Athenian|group;Acarnania;530767;Athenian;TRUE;128990.0;Acarnania;38.69172145440447;21.049797905284336;precise
7febc876-17bd-4af0-8124-715d36e44938;book3_thucydides_utf8.txt;Acarnanians;char-offset:129162;PERSON;origin:Acarnania|pleiades:530767|side:Athenian|group;Acarnania;530767;Athenian;TRUE;129162.0;Acarnania;38.69172145440447;21.049797905284336;precise
327b78f9-2f9d-4fdd-b8db-b2cdafcbe91e;book3_thucydides_utf8.txt;Demosthenes;char-offset:129479;PERSON;origin:Athens|pleiades:579885|side:Athenian;Athens;579885;Athenian;FALSE;129479.0;Athenae;37.97158606761233;23.723824697002375;rough
bfbbc130-289e-46d6-96b5-ce181efc8e52;book3_thucydides_utf8.txt;Aristotle;char-offset:129644;PERSON;origin:Athens|pleiades:579885|side:Athenian;Athens;579885;Athenian;FALSE;129644.0;Athenae;37.97158606761233;23.723824697002375;rough
e632d771-c5fa-43d7-a48e-54a7b5fbc341;book3_thucydides_utf8.txt;Timocrates;char-offset:129662;PERSON;origin:Athens|pleiades:579885|side:Athenian;Athens;579885;Athenian;FALSE;129662.0;Athenae;37.97158606761233;23.723824697002375;rough
aa976ab4-1484-4d93-be3b-5f39dd0d84ae;book3_thucydides_utf8.txt;Hierophon;char-offset:129678;PERSON;origin:Athens|pleiades:579885|side:Athenian;Athens;579885;Athenian;FALSE;129678.0;Athenae;37.97158606761233;23.723824697002375;rough
940e19c0-674c-4534-a5e1-4171d59e1b0c;book3_thucydides_utf8.txt;Antimnestus;char-offset:129696;PERSON;origin:Athens|pleiades:579885|side:Athenian;Athens;579885;Athenian;FALSE;129696.0;Athenae;37.97158606761233;23.723824697002375;rough
cae0469c-c3c9-4043-b6c2-60f054945668;book3_thucydides_utf8.txt;Acarnanians;char-offset:129925;PERSON;origin:Acarnania|pleiades:530767|side:Athenian|group;Acarnania;530767;Athenian;TRUE;129925.0;Acarnania;38.69172145440447;21.049797905284336;precise
06fde128-7fba-4231-bf29-df5217b7dc73;book3_thucydides_utf8.txt;Stratians;char-offset:130392;PERSON;origin:Stratos|pleiades:531104|side:Athenian|group;Stratos;531104;Athenian;TRUE;130392.0;Stratos;38.671727;21.319477;precise
937f5832-fa42-4f45-904e-16d9eeee0aa3;book3_thucydides_utf8.txt;Stratians;char-offset:130497;PERSON;origin:Stratos|pleiades:531104|side:Athenian|group;Stratos;531104;Athenian;TRUE;130497.0;Stratos;38.671727;21.319477;precise
83b07a0c-fdfc-44af-94e3-dab30fd6b6e6;book3_thucydides_utf8.txt;Acarnanian;char-offset:130866;PERSON;group|origin:Acarnania|pleiades:530767|side:Athenian;Acarnania;530767;Athenian;TRUE;130866.0;Acarnania;38.69172145440447;21.049797905284336;precise
18c013d1-5507-45b5-a1dc-f2876392042f;book3_thucydides_utf8.txt;Athenians;char-offset:131041;PERSON;group|origin:Athens|pleiades:579885|side:Athenian;Athens;579885;Athenian;TRUE;131041.0;Athenae;37.97158606761233;23.723824697002375;rough
dcc2784b-4e1f-400e-876c-9a8d7064b5a1;book3_thucydides_utf8.txt;Argives;char-offset:131115;PERSON;group|origin:Argos|pleiades:570106|side:Athenian;Argos;570106;Athenian;TRUE;131115.0;Argos;37.63104688932719;22.720380240841404;precise
ba310a20-c46c-4b2d-b778-c80607cc2cd6;book3_thucydides_utf8.txt;Demosthenes;char-offset:131129;PERSON;origin:Athens|pleiades:579885|side:Athenian;Athens;579885;Athenian;FALSE;131129.0;Athenae;37.97158606761233;23.723824697002375;rough
3cdf8336-5e7b-4cff-a225-3d164556d361;book3_thucydides_utf8.txt;Acarnanians;char-offset:131278;PERSON;origin:Acarnania|pleiades:530767|side:Athenian|group;Acarnania;530767;Athenian;TRUE;131278.0;Acarnania;38.69172145440447;21.049797905284336;precise
76eb2165-6935-4ba3-a7a7-dbc6eb4837a4;book3_thucydides_utf8.txt;Amphilochians;char-offset:131307;PERSON;origin:Amphilocia|pleiades:530797|side:Athenian|group;Amphilocia;530797;Athenian;TRUE;131307.0;Amphilochia;38.989617832069726;21.242527169063973;precise
7307d5f6-8d7d-4270-a594-41c0b45cf76b;book3_thucydides_utf8.txt;Demosthenes;char-offset:131470;PERSON;origin:Athens|pleiades:579885|side:Athenian;Athens;579885;Athenian;FALSE;131470.0;Athenae;37.97158606761233;23.723824697002375;rough
f95ef397-2730-4a26-827e-2ee17959d97f;book3_thucydides_utf8.txt;Demosthenes;char-offset:131562;PERSON;origin:Athens|pleiades:579885|side:Athenian;Athens;579885;Athenian;FALSE;131562.0;Athenae;37.97158606761233;23.723824697002375;rough
d091e4c9-14ae-4ac5-a3ea-a7db4a945378;book3_thucydides_utf8.txt;Demosthenes;char-offset:131828;PERSON;origin:Athens|pleiades:579885|side:Athenian;Athens;579885;Athenian;FALSE;131828.0;Athenae;37.97158606761233;23.723824697002375;rough
42dce08b-5f29-4c88-91f6-51a3dae707db;book3_thucydides_utf8.txt;Demosthenes;char-offset:132164;PERSON;origin:Athens|pleiades:579885|side:Athenian;Athens;579885;Athenian;FALSE;132164.0;Athenae;37.97158606761233;23.723824697002375;rough
2a39c85b-92d4-4046-8fef-33f508404778;book3_thucydides_utf8.txt;Messenians;char-offset:132209;PERSON;origin:Messenia|pleiades:570480|side:Athenian|group;Messenia;570480;Athenian;TRUE;132209.0;Messenia;37.11719301153626;21.895855123442068;precise
4f32750b-f0de-40e8-b873-cab4dd114a10;book3_thucydides_utf8.txt;Athenians;char-offset:132230;PERSON;group|origin:Athens|pleiades:579885|side:Athenian;Athens;579885;Athenian;TRUE;132230.0;Athenae;37.97158606761233;23.723824697002375;rough
91818f27-9f88-4806-9c76-a7700cc2b62b;book3_thucydides_utf8.txt;Acarnanians;char-offset:132314;PERSON;origin:Acarnania|pleiades:530767|side:Athenian|group;Acarnania;530767;Athenian;TRUE;132314.0;Acarnania;38.69172145440447;21.049797905284336;precise
1204127f-e187-4fbd-bab1-2389557803b3;book3_thucydides_utf8.txt;Messenians;char-offset:132594;PERSON;origin:Messenia|pleiades:570480|side:Athenian|group;Messenia;570480;Athenian;TRUE;132594.0;Messenia;37.11719301153626;21.895855123442068;precise
81d11fde-ad7f-4032-af3d-b0b93a27b377;book3_thucydides_utf8.txt;Demosthenes;char-offset:132609;PERSON;origin:Athens|pleiades:579885|side:Athenian;Athens;579885;Athenian;FALSE;132609.0;Athenae;37.97158606761233;23.723824697002375;rough
f30e8815-5433-4947-b3c9-b02f14a4c2d1;book3_thucydides_utf8.txt;Acarnanians;char-offset:132761;PERSON;origin:Acarnania|pleiades:530767|side:Athenian|group;Acarnania;530767;Athenian;TRUE;132761.0;Acarnania;38.69172145440447;21.049797905284336;precise
07fe0a52-7f9d-4d02-938e-eb54e513f568;book3_thucydides_utf8.txt;Demosthenes;char-offset:133094;PERSON;origin:Athens|pleiades:579885|side:Athenian;Athens;579885;Athenian;FALSE;133094.0;Athenae;37.97158606761233;23.723824697002375;rough
f28cb6dc-581b-4f7a-a5f2-a85cd8d5d1eb;book3_thucydides_utf8.txt;Messenians;char-offset:133114;PERSON;origin:Messenia|pleiades:570480|side:Athenian|group;Messenia;570480;Athenian;TRUE;133114.0;Messenia;37.11719301153626;21.895855123442068;precise
b8c2a698-5c25-4a0b-84bb-1e1eeabf2247;book3_thucydides_utf8.txt;Acarnanians;char-offset:133437;PERSON;origin:Acarnania|pleiades:530767|side:Athenian|group;Acarnania;530767;Athenian;TRUE;133437.0;Acarnania;38.69172145440447;21.049797905284336;precise
ae4aca4a-b1f5-48a2-9396-3e4a42974ae2;book3_thucydides_utf8.txt;Demosthenes;char-offset:134016;PERSON;origin:Athens|pleiades:579885|side:Athenian;Athens;579885;Athenian;FALSE;134016.0;Athenae;37.97158606761233;23.723824697002375;rough
9a2d65b3-7f6a-48a5-9f39-34ac061965b1;book3_thucydides_utf8.txt;Acarnanian;char-offset:134036;PERSON;group|origin:Acarnania|pleiades:530767|side:Athenian;Acarnania;530767;Athenian;TRUE;134036.0;Acarnania;38.69172145440447;21.049797905284336;precise
a4e2bb4f-5eb6-42a8-a21a-d92ca91109c6;book3_thucydides_utf8.txt;Demosthenes;char-offset:134486;PERSON;origin:Athens|pleiades:579885|side:Athenian;Athens;579885;Athenian;FALSE;134486.0;Athenae;37.97158606761233;23.723824697002375;rough
5c260b4f-05b7-49e3-a2d3-fbb4a1fd7ad0;book3_thucydides_utf8.txt;Acarnanian;char-offset:134506;PERSON;group|origin:Acarnania|pleiades:530767|side:Athenian;Acarnania;530767;Athenian;TRUE;134506.0;Acarnania;38.69172145440447;21.049797905284336;precise
dd49c0c2-0a18-4a79-84dd-55999bfe7c23;book3_thucydides_utf8.txt;Demosthenes;char-offset:134931;PERSON;origin:Athens|pleiades:579885|side:Athenian;Athens;579885;Athenian;FALSE;134931.0;Athenae;37.97158606761233;23.723824697002375;rough
b5577d00-b4e6-49f0-8bc1-c9cdb8ba527d;book3_thucydides_utf8.txt;Acarnanians;char-offset:134951;PERSON;origin:Acarnania|pleiades:530767|side:Athenian|group;Acarnania;530767;Athenian;TRUE;134951.0;Acarnania;38.69172145440447;21.049797905284336;precise
95e55e8f-9544-4012-ae6f-e209a9ec8c45;book3_thucydides_utf8.txt;Demosthenes;char-offset:135180;PERSON;origin:Athens|pleiades:579885|side:Athenian;Athens;579885;Athenian;FALSE;135180.0;Athenae;37.97158606761233;23.723824697002375;rough
8d3aa38f-b749-4633-b558-7461dada9fbb;book3_thucydides_utf8.txt;Acarnanians;char-offset:135844;PERSON;origin:Acarnania|pleiades:530767|side:Athenian|group;Acarnania;530767;Athenian;TRUE;135844.0;Acarnania;38.69172145440447;21.049797905284336;precise
9b1de89d-44bd-4488-9985-a6be46563b0e;book3_thucydides_utf8.txt;Demosthenes;char-offset:136645;PERSON;origin:Athens|pleiades:579885|side:Athenian;Athens;579885;Athenian;FALSE;136645.0;Athenae;37.97158606761233;23.723824697002375;rough
686a61be-64c7-4a47-9287-6e3e72f91ea9;book3_thucydides_utf8.txt;Demosthenes;char-offset:136807;PERSON;origin:Athens|pleiades:579885|side:Athenian;Athens;579885;Athenian;FALSE;136807.0;Athenae;37.97158606761233;23.723824697002375;rough
a19e3424-af84-476b-bdc6-7648e85d44ec;book3_thucydides_utf8.txt;Demosthenes;char-offset:137136;PERSON;origin:Athens|pleiades:579885|side:Athenian;Athens;579885;Athenian;FALSE;137136.0;Athenae;37.97158606761233;23.723824697002375;rough
550dcd67-769b-484b-858f-d66066d940ba;book3_thucydides_utf8.txt;Messenians;char-offset:137173;PERSON;origin:Messenia|pleiades:570480|side:Athenian|group;Messenia;570480;Athenian;TRUE;137173.0;Messenia;37.11719301153626;21.895855123442068;precise
7f52f369-3ef2-40a9-b143-7e056c8df909;book3_thucydides_utf8.txt;Amphilochians;char-offset:137562;PERSON;origin:Amphilocia|pleiades:530797|side:Athenian|group;Amphilocia;530797;Athenian;TRUE;137562.0;Amphilochia;38.989617832069726;21.242527169063973;precise
3b184834-5574-482c-887a-460720beff93;book3_thucydides_utf8.txt;Athenians;char-offset:138122;PERSON;group|origin:Athens|pleiades:579885|side:Athenian;Athens;579885;Athenian;TRUE;138122.0;Athenae;37.97158606761233;23.723824697002375;rough
0e1d1354-1fb0-4ece-8ac1-654a2c89018d;book3_thucydides_utf8.txt;Amphilochians;char-offset:138177;PERSON;origin:Amphilocia|pleiades:530797|side:Athenian|group;Amphilocia;530797;Athenian;TRUE;138177.0;Amphilochia;38.989617832069726;21.242527169063973;precise
40510a2f-66c1-4806-8a7c-f183a655b909;book3_thucydides_utf8.txt;Acarnanians;char-offset:138300;PERSON;origin:Acarnania|pleiades:530767|side:Athenian|group;Acarnania;530767;Athenian;TRUE;138300.0;Acarnania;38.69172145440447;21.049797905284336;precise
5f1978d6-5c24-464c-90f4-2f84efa0dc74;book3_thucydides_utf8.txt;Acarnanians;char-offset:140088;PERSON;origin:Acarnania|pleiades:530767|side:Athenian|group;Acarnania;530767;Athenian;TRUE;140088.0;Acarnania;38.69172145440447;21.049797905284336;precise
abfb793b-5556-403b-a78f-04f8fc30a1ed;book3_thucydides_utf8.txt;Amphilochians;char-offset:140104;PERSON;origin:Amphilocia|pleiades:530797|side:Athenian|group;Amphilocia;530797;Athenian;TRUE;140104.0;Amphilochia;38.989617832069726;21.242527169063973;precise
a8204354-4573-4936-9175-1dbde86219f8;book3_thucydides_utf8.txt;Athenians;char-offset:140153;PERSON;group|origin:Athens|pleiades:579885|side:Athenian;Athens;579885;Athenian;TRUE;140153.0;Athenae;37.97158606761233;23.723824697002375;rough
eb955f4f-4d29-4f82-9c31-ba6f08eed6c9;book3_thucydides_utf8.txt;Demosthenes;char-offset:140167;PERSON;origin:Athens|pleiades:579885|side:Athenian;Athens;579885;Athenian;FALSE;140167.0;Athenae;37.97158606761233;23.723824697002375;rough
a6121a91-2c75-4691-89c3-a98ae639dd71;book3_thucydides_utf8.txt;Athenians;char-offset:140272;PERSON;group|origin:Athens|pleiades:579885|side:Athenian;Athens;579885;Athenian;TRUE;140272.0;Athenae;37.97158606761233;23.723824697002375;rough
bc19e1a1-2adf-4f65-bc9d-e5386b866c2e;book3_thucydides_utf8.txt;Acarnanians;char-offset:140365;PERSON;origin:Acarnania|pleiades:530767|side:Athenian|group;Acarnania;530767;Athenian;TRUE;140365.0;Acarnania;38.69172145440447;21.049797905284336;precise
01827d96-8ced-4f30-bb54-eb3f87587dfb;book3_thucydides_utf8.txt;Athenians;char-offset:140415;PERSON;group|origin:Athens|pleiades:579885|side:Athenian;Athens;579885;Athenian;TRUE;140415.0;Athenae;37.97158606761233;23.723824697002375;rough
bcd0b9b8-0964-47a8-bcdf-76ecfdcead8a;book3_thucydides_utf8.txt;Athenians;char-offset:140497;PERSON;group|origin:Athens|pleiades:579885|side:Athenian;Athens;579885;Athenian;TRUE;140497.0;Athenae;37.97158606761233;23.723824697002375;rough
dcc9a844-1982-4cec-bfe4-44a90cd3c094;book3_thucydides_utf8.txt;Acarnanians;char-offset:140623;PERSON;origin:Acarnania|pleiades:530767|side:Athenian|group;Acarnania;530767;Athenian;TRUE;140623.0;Acarnania;38.69172145440447;21.049797905284336;precise
e2ef7fd1-bdb7-427e-b618-2013943301d6;book3_thucydides_utf8.txt;Demosthenes;char-offset:140649;PERSON;origin:Athens|pleiades:579885|side:Athenian;Athens;579885;Athenian;FALSE;140649.0;Athenae;37.97158606761233;23.723824697002375;rough
9cc0d68d-6598-4870-bef0-313c04ae1e4c;book3_thucydides_utf8.txt;Athenians;char-offset:140813;PERSON;group|origin:Athens|pleiades:579885|side:Athenian;Athens;579885;Athenian;TRUE;140813.0;Athenae;37.97158606761233;23.723824697002375;rough
f4628a24-c303-482f-87b0-d72abeba73d9;book3_thucydides_utf8.txt;Acarnanians;char-offset:140875;PERSON;origin:Acarnania|pleiades:530767|side:Athenian|group;Acarnania;530767;Athenian;TRUE;140875.0;Acarnania;38.69172145440447;21.049797905284336;precise
f06cd099-038b-4bca-a385-e38d70b46e0b;book3_thucydides_utf8.txt;Amphilochians;char-offset:140891;PERSON;origin:Amphilocia|pleiades:530797|side:Athenian|group;Amphilocia;530797;Athenian;TRUE;140891.0;Amphilochia;38.989617832069726;21.242527169063973;precise
0f49e038-8f23-4d5d-a952-c37783c38c2c;book3_thucydides_utf8.txt;Demosthenes;char-offset:140929;PERSON;origin:Athens|pleiades:579885|side:Athenian;Athens;579885;Athenian;FALSE;140929.0;Athenae;37.97158606761233;23.723824697002375;rough
d58e8f43-adeb-4387-88a6-bd775a0d11e0;book3_thucydides_utf8.txt;Acarnanians;char-offset:141382;PERSON;origin:Acarnania|pleiades:530767|side:Athenian|group;Acarnania;530767;Athenian;TRUE;141382.0;Acarnania;38.69172145440447;21.049797905284336;precise
4d730e05-0b9f-470a-969b-a1f41c617678;book3_thucydides_utf8.txt;Acarnanians;char-offset:141430;PERSON;origin:Acarnania|pleiades:530767|side:Athenian|group;Acarnania;530767;Athenian;TRUE;141430.0;Acarnania;38.69172145440447;21.049797905284336;precise
f3d2a8df-e31c-4a39-a403-a6dd284a726b;book3_thucydides_utf8.txt;Athenians;char-offset:141474;PERSON;group|origin:Athens|pleiades:579885|side:Athenian;Athens;579885;Athenian;TRUE;141474.0;Athenae;37.97158606761233;23.723824697002375;rough
74396065-72e7-4894-9cb1-1b894ce3af30;book3_thucydides_utf8.txt;Amphilochians;char-offset:141575;PERSON;origin:Amphilocia|pleiades:530797|side:Athenian|group;Amphilocia;530797;Athenian;TRUE;141575.0;Amphilochia;38.989617832069726;21.242527169063973;precise
fbe95f1a-1be0-4f80-b9e0-103e857f63e0;book3_thucydides_utf8.txt;Acarnanians;char-offset:141655;PERSON;origin:Acarnania|pleiades:530767|side:Athenian|group;Acarnania;530767;Athenian;TRUE;141655.0;Acarnania;38.69172145440447;21.049797905284336;precise
0e56cda4-f38d-4a41-81cd-3c7c921da033;book3_thucydides_utf8.txt;Athenians;char-offset:142045;PERSON;group|origin:Athens|pleiades:579885|side:Athenian;Athens;579885;Athenian;TRUE;142045.0;Athenae;37.97158606761233;23.723824697002375;rough
d6713c2a-44e1-4d2e-a8b6-c830f4ec2c36;book3_thucydides_utf8.txt;Sicels;char-offset:142147;PERSON;group|origin:Scicli|pleiades:462485|side:Athenian;Scicli;462485;Athenian;TRUE;142147.0;Scicli;36.791428;14.702367;precise
6127069d-3f29-4316-b046-995e26d89a16;book3_thucydides_utf8.txt;Pythodorus;char-offset:142310;PERSON;origin:Athens|pleiades:579885|side:Athenian;Athens;579885;Athenian;FALSE;142310.0;Athenae;37.97158606761233;23.723824697002375;rough
1604bfbb-c72e-42dc-bb4f-9ee77e7b5823;book3_thucydides_utf8.txt;Isolochus;char-offset:142329;PERSON;origin:Athens|pleiades:579885|side:Athenian;Athens;579885;Athenian;FALSE;142329.0;Athenae;37.97158606761233;23.723824697002375;rough
d1b3e45f-1c56-4e76-941e-0d1062df539d;book3_thucydides_utf8.txt;Laches;char-offset:142358;PERSON;origin:Athens|pleiades:579885|side:Athenian;Athens;579885;Athenian;FALSE;142358.0;Athenae;37.97158606761233;23.723824697002375;rough
3838f38a-061c-4167-b408-3fc2436f0dc2;book3_thucydides_utf8.txt;Athenians;char-offset:142456;PERSON;group|origin:Athens|pleiades:579885|side:Athenian;Athens;579885;Athenian;TRUE;142456.0;Athenae;37.97158606761233;23.723824697002375;rough
0c2ebe7c-9dae-4654-aa33-25f596ad4391;book3_thucydides_utf8.txt;Athenians;char-offset:142696;PERSON;group|origin:Athens|pleiades:579885|side:Athenian;Athens;579885;Athenian;TRUE;142696.0;Athenae;37.97158606761233;23.723824697002375;rough
8f97ea11-397f-42ab-a77f-3da6575827fa;book3_thucydides_utf8.txt;Pythodorus;char-offset:142882;PERSON;origin:Athens|pleiades:579885|side:Athenian;Athens;579885;Athenian;FALSE;142882.0;Athenae;37.97158606761233;23.723824697002375;rough
63fe9ead-fa09-4539-ac5f-3b0e2bdfc1b6;book3_thucydides_utf8.txt;Sophocles;char-offset:142937;PERSON;origin:Athens|pleiades:579885|side:Athenian;Athens;579885;Athenian;FALSE;142937.0;Athenae;37.97158606761233;23.723824697002375;rough
fd0a8b10-dc2a-4f22-9db4-863e12018480;book3_thucydides_utf8.txt;Sostratides;char-offset:142955;PERSON;origin:Athens|pleiades:579885|side:Athenian;Athens;579885;Athenian;FALSE;142955.0;Athenae;37.97158606761233;23.723824697002375;rough
1a2efdd4-c6ac-43f2-adcc-491afe3a6c61;book3_thucydides_utf8.txt;Eurymedon;char-offset:142972;PERSON;origin:Athens|pleiades:579885|side:Athenian;Athens;579885;Athenian;FALSE;142972.0;Athenae;37.97158606761233;23.723824697002375;rough
9d00d0d9-4177-4af7-83c8-0092c7c7046c;book3_thucydides_utf8.txt;Thucles;char-offset:142990;PERSON;origin:Athens|pleiades:579885|side:Athenian;Athens;579885;Athenian;FALSE;142990.0;Athenae;37.97158606761233;23.723824697002375;rough
053566ad-4ad4-4927-a70a-60bc2b8917b5;book3_thucydides_utf8.txt;Pythodorus;char-offset:143058;PERSON;origin:Athens|pleiades:579885|side:Athenian;Athens;579885;Athenian;FALSE;143058.0;Athenae;37.97158606761233;23.723824697002375;rough
399e79c0-748f-4e3e-aa29-141a27e34649;book3_thucydides_utf8.txt;Laches;char-offset:143094;PERSON;origin:Athens|pleiades:579885|side:Athenian;Athens;579885;Athenian;FALSE;143094.0;Athenae;37.97158606761233;23.723824697002375;rough
242eea82-7c99-4d61-a014-d56665835f8e;book3_thucydides_utf8.txt;Laches;char-offset:143178;PERSON;origin:Athens|pleiades:579885|side:Athenian;Athens;579885;Athenian;FALSE;143178.0;Athenae;37.97158606761233;23.723824697002375;rough
e39c4eb8-6804-4ae5-92a1-72f8e9dc1a34;book3_thucydides_utf8.txt;Catanians;char-offset:143397;PERSON;group|origin:Catania|pleiades:462270|side:Athenian;Catania;462270;Athenian;TRUE;143397.0;Katane/Catina;37.502959;15.088142;precise
905858df-cb17-46c3-8fee-483639a8ca26;book3_thucydides_utf8.txt;Thucydides;char-offset:143710;PERSON;origin:Athens|pleiades:579885|side:Athenian;Athens;579885;Athenian;FALSE;143710.0;Athenae;37.97158606761233;23.723824697002375;rough