pleiades_place_id,place_name,mention_count,person_count,individual_count,group_count,pct_named,latitude,longitude,location_precision,all_citations
579885,Athens,42,221.0,117.0,104.0,52.9,37.97158606761233,23.72382469700237,rough,greekLit:tlg0003.tlg001.perseus-eng3:3.10; greekLit:tlg0003.tlg001.perseus-eng3:3.101; greekLit:tlg0003.tlg001.perseus-eng3:3.102; greekLit:tlg0003.tlg001.perseus-eng3:3.11; greekLit:tlg0003.tlg001.perseus-eng3:3.114; greekLit:tlg0003.tlg001.perseus-eng3:3.115; greekLit:tlg0003.tlg001.perseus-eng3:3.15; greekLit:tlg0003.tlg001.perseus-eng3:3.16; greekLit:tlg0003.tlg001.perseus-eng3:3.17; greekLit:tlg0003.tlg001.perseus-eng3:3.18; greekLit:tlg0003.tlg001.perseus-eng3:3.2; greekLit:tlg0003.tlg001.perseus-eng3:3.20; greekLit:tlg0003.tlg001.perseus-eng3:3.21; greekLit:tlg0003.tlg001.perseus-eng3:3.24; greekLit:tlg0003.tlg001.perseus-eng3:3.28; greekLit:tlg0003.tlg001.perseus-eng3:3.29; greekLit:tlg0003.tlg001.perseus-eng3:3.3; greekLit:tlg0003.tlg001.perseus-eng3:3.31; greekLit:tlg0003.tlg001.perseus-eng3:3.32; greekLit:tlg0003.tlg001.perseus-eng3:3.33; greekLit:tlg0003.tlg001.perseus-eng3:3.34; greekLit:tlg0003.tlg001.perseus-eng3:3.35; greekLit:tlg0003.tlg001.perseus-eng3:3.36; greekLit:tlg0003.tlg001.perseus-eng3:3.4; greekLit:tlg0003.tlg001.perseus-eng3:3.44; greekLit:tlg0003.tlg001.perseus-eng3:3.5; greekLit:tlg0003.tlg001.perseus-eng3:3.50; greekLit:tlg0003.tlg001.perseus-eng3:3.52; greekLit:tlg0003.tlg001.perseus-eng3:3.56; greekLit:tlg0003.tlg001.perseus-eng3:3.63; greekLit:tlg0003.tlg001.perseus-eng3:3.68; greekLit:tlg0003.tlg001.perseus-eng3:3.69; greekLit:tlg0003.tlg001.perseus-eng3:3.70; greekLit:tlg0003.tlg001.perseus-eng3:3.71; greekLit:tlg0003.tlg001.perseus-eng3:3.75; greekLit:tlg0003.tlg001.perseus-eng3:3.86; greekLit:tlg0003.tlg001.perseus-eng3:3.87; greekLit:tlg0003.tlg001.perseus-eng3:3.91; greekLit:tlg0003.tlg001.perseus-eng3:3.92; greekLit:tlg0003.tlg001.perseus-eng3:3.93; greekLit:tlg0003.tlg001.perseus-eng3:3.95; greekLit:tlg0003.tlg001.perseus-eng3:3.98
570685,Sparta,23,124.0,52.0,72.0,36.5,37.08184552460426,22.42468254617709,precise,greekLit:tlg0003.tlg001.perseus-eng3:3.100; greekLit:tlg0003.tlg001.perseus-eng3:3.102; greekLit:tlg0003.tlg001.perseus-eng3:3.25; greekLit:tlg0003.tlg001.perseus-eng3:3.28; greekLit:tlg0003.tlg001.perseus-eng3:3.4; greekLit:tlg0003.tlg001.perseus-eng3:3.52; greekLit:tlg0003.tlg001.perseus-eng3:3.63; greekLit:tlg0003.tlg001.perseus-eng3:3.7; greekLit:tlg0003.tlg001.perseus-eng3:3.85; greekLit:tlg0003.tlg001.perseus-eng3:3.92
550696,Lesbos,11,10.0,0.0,10.0,0.0,39.17745702212158,26.23747554008452,rough,greekLit:tlg0003.tlg001.perseus-eng3:3.13; greekLit:tlg0003.tlg001.perseus-eng3:3.16; greekLit:tlg0003.tlg001.perseus-eng3:3.2; greekLit:tlg0003.tlg001.perseus-eng3:3.26; greekLit:tlg0003.tlg001.perseus-eng3:3.3; greekLit:tlg0003.tlg001.perseus-eng3:3.35; greekLit:tlg0003.tlg001.perseus-eng3:3.4; greekLit:tlg0003.tlg001.perseus-eng3:3.49; greekLit:tlg0003.tlg001.perseus-eng3:3.5; greekLit:tlg0003.tlg001.perseus-eng3:3.50; greekLit:tlg0003.tlg001.perseus-eng3:3.51
240868,Attica,8,,,,,,,rough,greekLit:tlg0003.tlg001.perseus-eng3:3.1; greekLit:tlg0003.tlg001.perseus-eng3:3.13; greekLit:tlg0003.tlg001.perseus-eng3:3.15; greekLit:tlg0003.tlg001.perseus-eng3:3.17; greekLit:tlg0003.tlg001.perseus-eng3:3.25; greekLit:tlg0003.tlg001.perseus-eng3:3.26; greekLit:tlg0003.tlg001.perseus-eng3:3.34; greekLit:tlg0003.tlg001.perseus-eng3:3.89
991353,Unknown (991353),7,,,,,,,,greekLit:tlg0003.tlg001.perseus-eng3:3.103; greekLit:tlg0003.tlg001.perseus-eng3:3.115; greekLit:tlg0003.tlg001.perseus-eng3:3.116; greekLit:tlg0003.tlg001.perseus-eng3:3.86; greekLit:tlg0003.tlg001.perseus-eng3:3.88; greekLit:tlg0003.tlg001.perseus-eng3:3.90; greekLit:tlg0003.tlg001.perseus-eng3:3.99
981549,Sicily,7,,,,,37.502959,15.088142,rough,greekLit:tlg0003.tlg001.perseus-eng3:3.103; greekLit:tlg0003.tlg001.perseus-eng3:3.115; greekLit:tlg0003.tlg001.perseus-eng3:3.116; greekLit:tlg0003.tlg001.perseus-eng3:3.86; greekLit:tlg0003.tlg001.perseus-eng3:3.88; greekLit:tlg0003.tlg001.perseus-eng3:3.90; greekLit:tlg0003.tlg001.perseus-eng3:3.99
530975,Leucas,6,3.0,0.0,3.0,0.0,38.698754550170605,20.65365223867039,precise,greekLit:tlg0003.tlg001.perseus-eng3:3.102; greekLit:tlg0003.tlg001.perseus-eng3:3.7; greekLit:tlg0003.tlg001.perseus-eng3:3.80; greekLit:tlg0003.tlg001.perseus-eng3:3.81; greekLit:tlg0003.tlg001.perseus-eng3:3.94; greekLit:tlg0003.tlg001.perseus-eng3:3.95
570106,Argos,6,1.0,0.0,1.0,0.0,37.63104688932719,22.720380240841404,precise,greekLit:tlg0003.tlg001.perseus-eng3:3.102; greekLit:tlg0003.tlg001.perseus-eng3:3.105; greekLit:tlg0003.tlg001.perseus-eng3:3.106; greekLit:tlg0003.tlg001.perseus-eng3:3.107; greekLit:tlg0003.tlg001.perseus-eng3:3.108; greekLit:tlg0003.tlg001.perseus-eng3:3.112
540775,Euboea,6,,,,,38.53,23.87,precise,greekLit:tlg0003.tlg001.perseus-eng3:3.17; greekLit:tlg0003.tlg001.perseus-eng3:3.3; greekLit:tlg0003.tlg001.perseus-eng3:3.87; greekLit:tlg0003.tlg001.perseus-eng3:3.89; greekLit:tlg0003.tlg001.perseus-eng3:3.92; greekLit:tlg0003.tlg001.perseus-eng3:3.93
1001896,Hellas,5,,,,,37.5,22.5,rough,greekLit:tlg0003.tlg001.perseus-eng3:3.32; greekLit:tlg0003.tlg001.perseus-eng3:3.54; greekLit:tlg0003.tlg001.perseus-eng3:3.57; greekLit:tlg0003.tlg001.perseus-eng3:3.62; greekLit:tlg0003.tlg001.perseus-eng3:3.63
543732,Ionia,5,,,,,,,rough,greekLit:tlg0003.tlg001.perseus-eng3:3.31; greekLit:tlg0003.tlg001.perseus-eng3:3.32; greekLit:tlg0003.tlg001.perseus-eng3:3.33; greekLit:tlg0003.tlg001.perseus-eng3:3.36; greekLit:tlg0003.tlg001.perseus-eng3:3.76
541063,Plataea,5,33.0,4.0,29.0,12.1,38.2210753,23.27353775,precise,greekLit:tlg0003.tlg001.perseus-eng3:3.36; greekLit:tlg0003.tlg001.perseus-eng3:3.52; greekLit:tlg0003.tlg001.perseus-eng3:3.57; greekLit:tlg0003.tlg001.perseus-eng3:3.61; greekLit:tlg0003.tlg001.perseus-eng3:3.68
570182,Corinthus,4,4.0,2.0,2.0,50.0,37.90564164345828,22.878614390874485,precise,greekLit:tlg0003.tlg001.perseus-eng3:3.100; greekLit:tlg0003.tlg001.perseus-eng3:3.15; greekLit:tlg0003.tlg001.perseus-eng3:3.70; greekLit:tlg0003.tlg001.perseus-eng3:3.85
543694,Pyrrha,3,,,,,,,rough,greekLit:tlg0003.tlg001.perseus-eng3:3.18; greekLit:tlg0003.tlg001.perseus-eng3:3.25; greekLit:tlg0003.tlg001.perseus-eng3:3.35
452416,Rhegion,3,,,,,38.109279,15.64393,precise,greekLit:tlg0003.tlg001.perseus-eng3:3.115; greekLit:tlg0003.tlg001.perseus-eng3:3.86; greekLit:tlg0003.tlg001.perseus-eng3:3.88
642555,Unknown (642555),3,,,,,,,,greekLit:tlg0003.tlg001.perseus-eng3:3.18; greekLit:tlg0003.tlg001.perseus-eng3:3.25; greekLit:tlg0003.tlg001.perseus-eng3:3.35
540736,Dirphys,3,,,,,38.6275,23.8427778,precise,greekLit:tlg0003.tlg001.perseus-eng3:3.101; greekLit:tlg0003.tlg001.perseus-eng3:3.57; greekLit:tlg0003.tlg001.perseus-eng3:3.92
540726,Delphi,3,,,,,38.482289,22.501169,precise,greekLit:tlg0003.tlg001.perseus-eng3:3.101; greekLit:tlg0003.tlg001.perseus-eng3:3.57; greekLit:tlg0003.tlg001.perseus-eng3:3.92
570474,Melos,2,1.0,0.0,1.0,0.0,36.743864,24.423276,precise,greekLit:tlg0003.tlg001.perseus-eng3:3.91; greekLit:tlg0003.tlg001.perseus-eng3:3.94
599587,Delos,2,,,,,37.397274,25.268194,precise,greekLit:tlg0003.tlg001.perseus-eng3:3.104; greekLit:tlg0003.tlg001.perseus-eng3:3.29
570468,Megara,2,1.0,0.0,1.0,0.0,37.985078,23.340163,precise,greekLit:tlg0003.tlg001.perseus-eng3:3.51; greekLit:tlg0003.tlg001.perseus-eng3:3.68
648614,Cybistra,2,,,,,37.589731,34.152792500000004,precise,greekLit:tlg0003.tlg001.perseus-eng3:3.100; greekLit:tlg0003.tlg001.perseus-eng3:3.92
452333,Heraclea,2,,,,,40.21972967324548,16.670397870167548,precise,greekLit:tlg0003.tlg001.perseus-eng3:3.100; greekLit:tlg0003.tlg001.perseus-eng3:3.92
511357,Perinthus,2,,,,,40.971013,27.952973,precise,greekLit:tlg0003.tlg001.perseus-eng3:3.100; greekLit:tlg0003.tlg001.perseus-eng3:3.92
550435,Antissa,2,,,,,39.29138196809891,26.01898649974304,precise,greekLit:tlg0003.tlg001.perseus-eng3:3.18; greekLit:tlg0003.tlg001.perseus-eng3:3.28
541138,Thebes,2,16.0,1.0,15.0,6.25,38.319948833333335,23.317653433333334,precise,greekLit:tlg0003.tlg001.perseus-eng3:3.22; greekLit:tlg0003.tlg001.perseus-eng3:3.24
530794,Ambracia,2,26.0,0.0,26.0,0.0,39.1549245,20.990092500000003,precise,greekLit:tlg0003.tlg001.perseus-eng3:3.113; greekLit:tlg0003.tlg001.perseus-eng3:3.114
550738,Methymna,2,,,,,39.369167,26.176891,precise,greekLit:tlg0003.tlg001.perseus-eng3:3.18; greekLit:tlg0003.tlg001.perseus-eng3:3.2
599612,Ephesus/Arsinoe(ia),2,,,,,37.940164271971945,27.34240298195866,precise,greekLit:tlg0003.tlg001.perseus-eng3:3.104; greekLit:tlg0003.tlg001.perseus-eng3:3.32
550911,Tenedos,2,1.0,0.0,1.0,0.0,39.8343172,26.06963835,precise,greekLit:tlg0003.tlg001.perseus-eng3:3.28; greekLit:tlg0003.tlg001.perseus-eng3:3.35
541157,Trachis/Herakleia,2,3.0,1.0,2.0,33.3,38.792037,22.447577,precise,greekLit:tlg0003.tlg001.perseus-eng3:3.100; greekLit:tlg0003.tlg001.perseus-eng3:3.92
541140,Thermopylae,1,,,,,38.79600000000001,22.543644,precise,greekLit:tlg0003.tlg001.perseus-eng3:3.92
1052,Italia,1,,,,,43.6941505,11.0949512,rough,greekLit:tlg0003.tlg001.perseus-eng3:3.86
462077,Aetna,1,,,,,37.75723275646079,14.984597856051682,precise,greekLit:tlg0003.tlg001.perseus-eng3:3.116
570504,Nemea,1,,,,,37.80905853069708,22.710679536483795,precise,greekLit:tlg0003.tlg001.perseus-eng3:3.96
599577,Colophon,1,4.0,0.0,4.0,0.0,38.108253,27.1483085,precise,greekLit:tlg0003.tlg001.perseus-eng3:3.34
481818,Dyrr(h)achium/Epidamnos,1,,,,,41.3163425,19.447355,precise,greekLit:tlg0003.tlg001.perseus-eng3:3.70
580114,Tanagra,1,2.0,0.0,2.0,0.0,38.309293524969846,23.58648747783495,precise,greekLit:tlg0003.tlg001.perseus-eng3:3.91
570531,Olympia,1,,,,,37.63868719225715,21.630843690589423,precise,greekLit:tlg0003.tlg001.perseus-eng3:3.8
491677,Olympos (mountain in Greece),1,,,,,40.085556,22.358611,precise,greekLit:tlg0003.tlg001.perseus-eng3:3.8
579844,Aegina (island),1,1.0,0.0,1.0,0.0,37.73456251315417,23.489302083723413,precise,greekLit:tlg0003.tlg001.perseus-eng3:3.72
462503,Syracuse,1,9.0,0.0,9.0,0.0,37.07007897101367,15.283335658142615,rough,greekLit:tlg0003.tlg001.perseus-eng3:3.103
619235,Parnassos,1,,,,,38.9918185,33.570111,precise,greekLit:tlg0003.tlg001.perseus-eng3:3.95
589748,Creta (island),1,,,,,35.2148470630119,25.074079692118698,rough,greekLit:tlg0003.tlg001.perseus-eng3:3.69
1001889,Thrace,1,,,,,42.5,27.5,rough,greekLit:tlg0003.tlg001.perseus-eng3:3.92
599564,Caria (region),1,,,,,37.437078612236505,28.04488373784654,precise,greekLit:tlg0003.tlg001.perseus-eng3:3.19
465922,Inessa/Aitna,1,,,,,,,rough,greekLit:tlg0003.tlg001.perseus-eng3:3.103
540841,Ithome/Thamiai (Thessaly),1,,,,,39.41554703319896,21.801837477150567,precise,greekLit:tlg0003.tlg001.perseus-eng3:3.54
599871,Patmos,1,,,,,37.3091187,26.5464039,precise,greekLit:tlg0003.tlg001.perseus-eng3:3.33
462538,Zancle/Messana,1,,,,,38.192251,15.556634,precise,greekLit:tlg0003.tlg001.perseus-eng3:3.90
